date,country,brand,model,year,color
2023-01-25,Ireland,Buick,Lucerne,2009,Orange
2023-03-27,Vietnam,Land Rover,Discovery,1994,Purple
2023-06-02,China,Ford,Bronco,1986,Purple
2023-08-03,United States,Lotus,Esprit,1988,Aquamarine
2023-11-20,Russia,Chrysler,Sebring,2010,Khaki
2023-07-09,Czech Republic,Ford,Ranger,2001,Mauv
2023-09-21,Indonesia,Volvo,XC90,2007,Green
2023-05-26,Malaysia,Buick,Terraza,2006,Turquoise
2023-07-04,Indonesia,Lincoln,Town Car,1998,Goldenrod
2023-04-14,China,Toyota,Highlander,2012,Mauv
2023-08-01,France,Audi,A8,2006,Orange
2023-08-11,Mexico,Mercedes-Benz,CL-Class,2008,Khaki
2023-03-27,Portugal,Ford,Escort,1996,Maroon
2023-05-29,France,Ford,Ranger,2002,Fuscia
2023-06-04,Indonesia,Volvo,C70,2008,Red
2023-12-02,Japan,Pontiac,Grand Prix,1978,Green
2023-02-05,Mexico,Mercedes-Benz,GLK-Class,2011,Khaki
2023-01-18,China,Ford,Focus,2004,Goldenrod
2023-02-08,Brazil,Toyota,Celica,2004,Yellow
2023-11-08,Japan,Dodge,Dakota Club,1996,Teal
2023-06-07,Bosnia and Herzegovina,Dodge,Ram Van 1500,1995,Aquamarine
2023-05-10,Indonesia,Lincoln,Navigator,2010,Green
2023-07-12,China,Lincoln,Mark VII,1992,Puce
2023-07-10,Indonesia,Mercedes-Benz,E-Class,2001,Orange
2023-02-15,United States,Audi,A4,1998,Mauv
2023-02-26,Ireland,Saab,900,1994,Red
2023-11-24,Vietnam,GMC,Sierra 2500,2004,Red
2023-01-15,Indonesia,Mitsubishi,Chariot,1985,Green
2023-01-31,Indonesia,Mitsubishi,Outlander,2004,Red
2023-03-17,Portugal,Lexus,LX,2009,Goldenrod
2023-09-27,Mexico,Chevrolet,Lumina APV,1993,Goldenrod
2023-09-20,Portugal,Porsche,911,2013,Aquamarine
2023-05-05,Indonesia,BMW,6 Series,2010,Purple
2023-11-29,Bosnia and Herzegovina,Honda,Passport,2002,Orange
2023-12-18,Republic of the Congo,Audi,Quattro,1993,Goldenrod
2023-09-02,China,Dodge,Monaco,1992,Purple
2023-12-07,France,Mazda,B-Series,2008,Khaki
2023-05-20,Kiribati,Volkswagen,GTI,2006,Mauv
2023-03-01,Kazakhstan,Ford,Econoline E150,2000,Aquamarine
2023-11-29,Germany,Honda,Element,2009,Red
2023-09-07,Yemen,Mazda,Miata MX-5,1992,Fuscia
2023-03-02,Russia,Hummer,H2,2007,Mauv
2023-09-26,Russia,Land Rover,Range Rover,1994,Crimson
2023-12-28,Philippines,Dodge,Aries,1981,Violet
2023-07-04,Ukraine,Chrysler,Cirrus,1998,Goldenrod
2023-07-25,Jamaica,Mercedes-Benz,C-Class,2010,Fuscia
2023-01-25,China,Mercury,Lynx,1987,Pink
2023-07-09,French Guiana,Volvo,C30,2008,Purple
2023-02-01,Ethiopia,Lincoln,LS,2005,Crimson
2023-11-26,China,Ford,Taurus,2006,Khaki
2023-05-03,Indonesia,Nissan,Altima,1993,Goldenrod
2023-10-18,China,Honda,Fit,2010,Fuscia
2023-04-02,Indonesia,Lexus,LS,1995,Yellow
2023-12-01,Ecuador,Pontiac,Gemini,1987,Teal
2023-02-03,Philippines,Dodge,Ram Van 2500,1998,Crimson
2023-06-14,Madagascar,Ford,Explorer,1996,Turquoise
2023-01-30,Indonesia,Lexus,ES,2006,Fuscia
2023-09-21,Moldova,Subaru,Justy,1988,Mauv
2023-04-25,Philippines,Dodge,Ram Van 1500,1999,Yellow
2023-07-02,Mexico,Chevrolet,Corvette,1962,Fuscia
2023-01-05,Peru,Subaru,B9 Tribeca,2006,Mauv
2023-12-13,South Korea,Hyundai,Sonata,2013,Aquamarine
2023-01-09,Uruguay,BMW,7 Series,2012,Red
2023-08-16,Iran,Toyota,MR2,1992,Orange
2023-11-06,China,Chevrolet,SSR,2005,Teal
2023-04-02,China,Honda,Odyssey,1998,Yellow
2023-05-23,Indonesia,Subaru,Forester,2003,Turquoise
2023-06-06,China,Mazda,Miata MX-5,2012,Purple
2023-07-31,China,Land Rover,Discovery,2007,Goldenrod
2023-07-14,Thailand,Chevrolet,Silverado 1500,2009,Mauv
2023-03-09,Indonesia,Mercury,Capri,1994,Red
2023-11-24,China,Mitsubishi,Truck,1990,Red
2023-12-02,Poland,Kia,Forte,2010,Red
2023-10-01,Indonesia,Audi,Q7,2009,Fuscia
2023-12-01,China,Jaguar,S-Type,2003,Fuscia
2023-07-29,Belarus,Chevrolet,Traverse,2009,Purple
2023-11-29,China,MINI,Cooper Clubman,2010,Goldenrod
2023-11-13,United States,Honda,Pilot,2006,Goldenrod
2023-03-12,Indonesia,Suzuki,Esteem,2000,Red
2023-03-13,Brazil,Chevrolet,Suburban 1500,2010,Khaki
2023-10-01,Philippines,Ford,Taurus,1988,Indigo
2023-01-19,Botswana,Subaru,Impreza,1994,Fuscia
2023-12-08,China,Toyota,Xtra,1992,Khaki
2023-03-13,Syria,Infiniti,M,2007,Mauv
2023-12-04,Italy,Chevrolet,Corvette,2012,Teal
2023-12-20,United States,Eagle,Vision,1997,Pink
2023-06-02,Sweden,Dodge,Ram 2500,2010,Crimson
2023-01-05,Indonesia,Acura,TSX,2008,Goldenrod
2023-08-02,China,Land Rover,Discovery,1994,Purple
2023-04-25,Macedonia,Infiniti,QX56,2009,Aquamarine
2023-01-04,Dominica,Mitsubishi,Lancer,2005,Green
2023-03-02,Portugal,Acura,CL,2001,Fuscia
2023-07-12,Japan,Rolls-Royce,Phantom,2009,Pink
2023-11-21,China,Chevrolet,Silverado 1500,2003,Puce
2023-11-21,China,Ford,E350,2009,Indigo
2023-06-12,New Zealand,Pontiac,Grand Am,1987,Teal
2023-05-10,Indonesia,Infiniti,FX,2005,Orange
2023-12-18,France,Toyota,Tacoma Xtra,1997,Teal
2023-07-19,Poland,Ford,E-Series,1986,Puce
2023-06-19,Chile,Porsche,911,2011,Khaki
2023-03-22,China,Chevrolet,Avalanche 1500,2002,Purple
2023-08-22,Yemen,Scion,xD,2011,Maroon
2023-04-17,Philippines,Kia,Optima,2012,Khaki
2023-03-09,Russia,Toyota,Highlander,2009,Pink
2023-02-11,Indonesia,Mitsubishi,Tredia,1986,Crimson
2023-08-15,Russia,Lotus,Esprit,1996,Goldenrod
2023-08-18,Russia,Dodge,Dakota,2005,Crimson
2023-01-31,China,Lamborghini,Gallardo,2008,Red
2023-07-27,Russia,GMC,Yukon XL 2500,2000,Khaki
2023-10-31,China,Mitsubishi,Lancer,2007,Khaki
2023-09-13,Poland,Chevrolet,Camaro,1967,Blue
2023-05-22,Portugal,BMW,M3,1995,Goldenrod
2023-07-24,United States,Pontiac,Grand Prix,2001,Fuscia
2023-01-06,Indonesia,Chevrolet,Monte Carlo,1973,Turquoise
2023-05-25,Greece,Infiniti,QX,2010,Khaki
2023-04-20,Thailand,Nissan,Sentra,2009,Maroon
2023-10-30,China,Pontiac,Sunfire,2001,Turquoise
2023-12-26,China,Volvo,V50,2008,Aquamarine
2023-03-23,Poland,Buick,Roadmaster,1995,Red
2023-10-20,Portugal,Porsche,944,1983,Teal
2023-08-23,Russia,Chrysler,Sebring,1999,Blue
2023-10-25,China,GMC,Rally Wagon 3500,1993,Fuscia
2023-04-14,Thailand,Mercury,Grand Marquis,1996,Yellow
2023-02-16,Sweden,Chevrolet,Sportvan G30,1992,Goldenrod
2023-03-25,Japan,Buick,Coachbuilder,1991,Aquamarine
2023-09-04,Syria,Hyundai,Tiburon,2005,Maroon
2023-01-10,China,Dodge,Ram Van 2500,2000,Purple
2023-12-20,Ecuador,Chevrolet,Lumina,1992,Indigo
2023-08-05,Mexico,Aston Martin,DB9,2009,Red
2023-07-30,Bolivia,Ford,Focus,2002,Blue
2023-11-23,Indonesia,GMC,Savana,2007,Yellow
2023-11-28,China,Pontiac,LeMans,1966,Green
2023-05-28,Portugal,Saturn,L-Series,2002,Goldenrod
2023-10-07,China,Land Rover,Range Rover,2012,Fuscia
2023-12-08,Indonesia,Toyota,Yaris,2009,Maroon
2023-10-09,Philippines,Buick,Riviera,1989,Crimson
2023-07-05,Portugal,Jeep,Patriot,2009,Green
2023-01-31,Indonesia,Saab,9-5,1999,Khaki
2023-08-18,Madagascar,Oldsmobile,Cutlass,1998,Goldenrod
2023-01-18,Indonesia,Ford,Fusion,2006,Turquoise
2023-11-15,Philippines,GMC,Sierra 3500,2011,Purple
2023-06-16,Pakistan,Pontiac,GTO,1972,Red
2023-12-11,Poland,Mercury,Mountaineer,2009,Mauv
2023-02-12,Slovenia,Nissan,Titan,2011,Pink
2023-10-02,Poland,Pontiac,Sunbird,1986,Orange
2023-03-29,China,Chevrolet,Suburban 2500,2007,Yellow
2023-12-14,Afghanistan,Dodge,Shadow,1994,Pink
2023-06-18,South Africa,Kia,Rio,2009,Crimson
2023-11-06,Estonia,Toyota,RAV4,2004,Crimson
2023-11-16,Finland,Mercedes-Benz,S-Class,1989,Green
2023-06-20,Philippines,Acura,Integra,1993,Blue
2023-03-21,Russia,Pontiac,GTO,1972,Indigo
2023-07-08,Serbia,Chevrolet,Cobalt SS,2007,Turquoise
2023-02-02,Russia,Nissan,Pathfinder,2004,Crimson
2023-08-14,Greece,Mazda,MX-6,1990,Violet
2023-08-18,Brazil,Mitsubishi,Eclipse,2003,Crimson
2023-11-02,Kuwait,Mazda,Tribute,2003,Orange
2023-05-16,Philippines,Chevrolet,Aveo,2009,Goldenrod
2023-01-04,France,Nissan,Pathfinder Armada,2004,Mauv
2023-07-25,China,Pontiac,Gemini,1989,Puce
2023-06-16,United States,Honda,Odyssey,2007,Pink
2023-03-06,Central African Republic,GMC,1500 Club Coupe,1999,Puce
2023-03-28,France,Kia,Sorento,2004,Goldenrod
2023-09-26,Czech Republic,BMW,Z4,2009,Goldenrod
2023-04-26,Cameroon,Nissan,Murano,2010,Green
2023-04-12,Canada,Ford,GT500,2008,Red
2023-07-08,Macedonia,Infiniti,FX,2009,Green
2023-03-27,China,Chrysler,Town & Country,1998,Green
2023-03-22,Russia,Chrysler,300M,2001,Goldenrod
2023-04-18,Indonesia,Oldsmobile,Bravada,1992,Mauv
2023-10-08,Libya,Pontiac,Grand Prix,1974,Crimson
2023-03-05,Guatemala,Infiniti,IPL G,2011,Mauv
2023-05-07,Philippines,Isuzu,Oasis,1997,Aquamarine
2023-05-06,Cuba,Saturn,Ion,2004,Orange
2023-07-02,Brazil,Volkswagen,rio,1996,Orange
2023-01-14,France,GMC,Savana,2011,Indigo
2023-05-09,Indonesia,BMW,3 Series,2009,Aquamarine
2023-09-19,Sweden,Jeep,Wrangler,1993,Green
2023-06-10,Netherlands,Ford,E250,2005,Mauv
2023-06-19,Croatia,Ford,Explorer,1999,Aquamarine
2023-04-25,China,Chevrolet,Express 2500,2011,Crimson
2023-06-22,Uzbekistan,BMW,X5,2003,Red
2023-02-20,Kosovo,Acura,NSX,2003,Puce
2023-11-18,Russia,Chrysler,Town & Country,2005,Red
2023-12-04,China,Ford,Taurus,2013,Khaki
2023-02-19,Sweden,Lincoln,LS,2001,Indigo
2023-03-20,Portugal,Isuzu,Ascender,2008,Green
2023-05-12,Macedonia,Jeep,Cherokee,1993,Yellow
2023-01-03,China,Mercury,Villager,1994,Khaki
2023-08-30,Iraq,Bentley,Continental,2010,Mauv
2023-12-24,Poland,Dodge,Ram 1500,2008,Khaki
2023-07-31,China,Lexus,IS,2002,Yellow
2023-11-01,Indonesia,Volkswagen,Jetta III,1994,Orange
2023-08-07,Syria,Chevrolet,Avalanche 1500,2002,Green
2023-07-18,China,Jeep,Compass,2012,Yellow
2023-02-19,Russia,Kia,Rio,2003,Red
2023-12-06,Indonesia,Saab,9-5,2010,Turquoise
2023-03-11,China,Lamborghini,Countach,1986,Violet
2023-09-16,China,Acura,Integra,1994,Teal
2023-01-23,Indonesia,Toyota,Echo,2004,Green
2023-03-27,Japan,GMC,Sierra 2500,2012,Puce
2023-02-06,Russia,Hyundai,Sonata,1997,Maroon
2023-11-22,Argentina,GMC,Suburban 1500,1997,Violet
2023-01-03,Russia,Pontiac,Sunbird,1984,Violet
2023-07-15,Japan,Porsche,944,1986,Mauv
2023-04-05,Netherlands,Kia,Soul,2012,Goldenrod
2023-05-03,Equatorial Guinea,Ford,Aspire,1994,Orange
2023-06-18,China,Jeep,Liberty,2006,Indigo
2023-03-26,China,Lincoln,Navigator,2006,Orange
2023-10-13,Colombia,Lexus,LS,2005,Goldenrod
2023-09-08,Madagascar,Volvo,S40,2011,Purple
2023-07-28,Russia,Mercury,Capri,1992,Yellow
2023-11-13,Canada,Ford,F250,2003,Mauv
2023-02-10,Philippines,Pontiac,Solstice,2006,Teal
2023-02-08,Mexico,Mitsubishi,Lancer,2001,Red
2023-11-08,Japan,Nissan,Altima,2001,Pink
2023-11-03,Colombia,Volkswagen,Eurovan,1995,Mauv
2023-04-22,Sweden,BMW,1 Series,2012,Purple
2023-03-23,Indonesia,Jaguar,XJ Series,2005,Crimson
2023-11-23,Poland,Chevrolet,Malibu,2007,Yellow
2023-11-20,Croatia,Toyota,Matrix,2005,Teal
2023-12-17,Portugal,Chevrolet,Corvette,1967,Blue
2023-10-16,Indonesia,Chevrolet,TrailBlazer,2004,Yellow
2023-03-07,Thailand,Infiniti,QX,2011,Teal
2023-05-01,Cuba,Isuzu,Hombre Space,2000,Puce
2023-03-10,Ireland,Audi,Allroad,2004,Green
2023-06-26,Croatia,Volkswagen,Passat,2000,Pink
2023-07-14,China,Mazda,CX-7,2009,Aquamarine
2023-01-11,Indonesia,Ford,F-Series,1997,Maroon
2023-05-12,Portugal,Saab,9-7X,2009,Crimson
2023-02-14,Myanmar,Acura,SLX,1997,Crimson
2023-12-26,Russia,Mitsubishi,Chariot,1990,Khaki
2023-11-15,Cuba,Honda,Odyssey,2002,Green
2023-08-24,France,Maserati,Coupe,2006,Indigo
2023-01-27,China,Dodge,Stealth,1994,Aquamarine
2023-12-03,Yemen,Dodge,Viper,1992,Pink
2023-03-24,Argentina,Volkswagen,Golf,1998,Goldenrod
2023-07-27,China,Buick,LeSabre,2000,Purple
2023-06-09,China,Dodge,Caravan,2011,Teal
2023-01-10,Portugal,Chrysler,LeBaron,1993,Khaki
2023-07-24,Palestinian Territory,Nissan,240SX,1993,Aquamarine
2023-04-25,Benin,Nissan,Titan,2007,Fuscia
2023-12-23,China,Mercedes-Benz,W201,1988,Orange
2023-05-19,China,Audi,S5,2009,Red
2023-12-08,Nicaragua,Oldsmobile,Aurora,1998,Mauv
2023-04-16,Bangladesh,Ford,GT,2006,Mauv
2023-09-20,Thailand,Audi,90,1994,Green
2023-11-03,China,Chevrolet,Express 3500,2010,Maroon
2023-05-15,Israel,BMW,525,2004,Aquamarine
2023-11-12,Greece,Audi,A6,2005,Blue
2023-06-27,Russia,Porsche,Boxster,2013,Goldenrod
2023-02-04,Russia,Audi,A6,2001,Indigo
2023-11-03,Thailand,Hyundai,Scoupe,1994,Blue
2023-06-04,Portugal,Lexus,IS,2006,Violet
2023-12-04,Russia,Cadillac,CTS-V,2007,Mauv
2023-08-14,Malaysia,Suzuki,X-90,1997,Maroon
2023-02-17,Thailand,Maserati,Quattroporte,1984,Maroon
2023-07-11,China,Ford,Five Hundred,2006,Goldenrod
2023-01-23,Nigeria,Ford,Thunderbird,1993,Orange
2023-09-09,China,Toyota,MR2,2002,Teal
2023-11-26,Poland,Buick,Regal,1995,Orange
2023-10-30,Papua New Guinea,Cadillac,Escalade EXT,2011,Yellow
2023-08-19,Philippines,Pontiac,Grand Am,1996,Pink
2023-04-18,Georgia,Mercedes-Benz,500SEL,1993,Puce
2023-01-23,Indonesia,Mercedes-Benz,GLK-Class,2010,Indigo
2023-04-10,Poland,Chrysler,Concorde,1997,Mauv
2023-03-24,Nigeria,Volkswagen,Eos,2012,Red
2023-02-22,Japan,Eagle,Summit,1996,Green
2023-10-11,Indonesia,Dodge,Nitro,2010,Teal
2023-04-18,Mexico,Lamborghini,Gallardo,2007,Green
2023-11-22,Argentina,Pontiac,G8,2009,Indigo
2023-02-24,China,Ford,E-Series,2003,Red
2023-06-17,China,Mercury,Cougar,1989,Aquamarine
2023-06-18,Democratic Republic of the Congo,Saab,900,1989,Goldenrod
2023-02-03,Greece,Hyundai,Tucson,2005,Mauv
2023-06-08,Russia,Chevrolet,Suburban 2500,1999,Yellow
2023-06-07,Czech Republic,Toyota,Camry,2006,Maroon
2023-03-06,China,Toyota,Tacoma Xtra,1997,Yellow
2023-08-23,Armenia,Dodge,Dynasty,1992,Turquoise
2023-11-12,Malaysia,Mitsubishi,Excel,1987,Indigo
2023-10-25,Philippines,Chrysler,New Yorker,1994,Mauv
2023-01-16,Brazil,Chevrolet,Monte Carlo,2003,Indigo
2023-09-16,Albania,BMW,X6,2008,Purple
2023-03-21,Indonesia,Dodge,Ram Van 3500,1996,Fuscia
2023-06-19,Portugal,Chrysler,Pacifica,2007,Crimson
2023-03-05,Cuba,Chevrolet,Malibu Maxx,2006,Indigo
2023-04-08,Russia,Chevrolet,Caprice Classic,1996,Green
2023-12-06,France,Subaru,Leone,1985,Indigo
2023-10-07,Colombia,Pontiac,Fiero,1988,Turquoise
2023-01-30,Malaysia,Cadillac,XLR,2005,Red
2023-03-07,China,Chevrolet,Aveo,2010,Turquoise
2023-12-06,Indonesia,Hyundai,Sonata,1995,Maroon
2023-08-28,Sweden,Ford,F250,2001,Maroon
2023-04-25,Portugal,Mercedes-Benz,CLK-Class,2002,Aquamarine
2023-06-05,Poland,Suzuki,Samurai,1992,Yellow
2023-12-17,Belarus,Subaru,Loyale,1993,Blue
2023-08-15,El Salvador,Mercedes-Benz,S-Class,2000,Teal
2023-12-04,Kyrgyzstan,Ford,F150,2012,Green
2023-09-01,Indonesia,Aston Martin,V8 Vantage S,2011,Purple
2023-07-23,French Polynesia,Pontiac,Grand Prix,1999,Maroon
2023-01-16,United States,Pontiac,Grand Am,2000,Pink
2023-07-11,Peru,Mitsubishi,Truck,1996,Purple
2023-06-25,Indonesia,BMW,M,2002,Khaki
2023-12-14,Indonesia,Ford,Taurus,2002,Aquamarine
2023-01-11,Venezuela,Jaguar,X-Type,2006,Turquoise
2023-08-11,Mexico,Dodge,Ram Van 2500,2002,Orange
2023-08-11,China,Mercury,Grand Marquis,1998,Pink
2023-06-26,China,Oldsmobile,Aurora,2003,Indigo
2023-07-14,China,Isuzu,i-280,2006,Goldenrod
2023-03-21,Indonesia,GMC,Suburban 2500,1998,Blue
2023-01-22,Portugal,Lexus,GS,1995,Yellow
2023-11-19,Russia,Aston Martin,Vantage,2007,Maroon
2023-12-17,Indonesia,Chevrolet,Express 3500,2010,Khaki
2023-11-04,Czech Republic,Hyundai,Tucson,2009,Turquoise
2023-09-01,China,Ford,Escort,1992,Puce
2023-04-26,Haiti,Subaru,Tribeca,2012,Goldenrod
2023-10-28,Indonesia,Pontiac,Montana,2003,Mauv
2023-10-25,Serbia,Subaru,Outback,2002,Green
2023-01-23,Poland,Mercury,Sable,2009,Maroon
2023-02-21,Indonesia,Ford,E-Series,1993,Orange
2023-08-26,France,Mazda,626,1992,Violet
2023-06-14,China,Cadillac,XLR-V,2008,Mauv
2023-02-11,China,Bentley,Continental,2005,Red
2023-04-23,South Korea,Mitsubishi,Eclipse,2006,Violet
2023-08-23,Indonesia,Maybach,57,2012,Green
2023-10-31,China,Lexus,GX,2009,Purple
2023-01-20,Mexico,Ford,Escape,2003,Khaki
2023-07-25,Portugal,Toyota,Avalon,2005,Maroon
2023-06-05,Philippines,Ford,Fiesta,2001,Maroon
2023-05-10,China,Ford,Taurus,2011,Puce
2023-08-04,Moldova,Hummer,H1,2000,Violet
2023-11-23,France,Rolls-Royce,Phantom,2009,Khaki
2023-07-09,Japan,Ford,C-MAX Hybrid,2013,Orange
2023-03-08,Brazil,Ford,Escort,1987,Violet
2023-12-17,Sweden,Ford,Galaxie,1964,Violet
2023-10-08,China,GMC,Sierra 3500,2003,Puce
2023-09-02,China,Acura,Vigor,1992,Mauv
2023-04-04,China,Lexus,ES,2002,Pink
2023-09-26,Russia,Hyundai,Santa Fe,2002,Crimson
2023-05-31,Iran,Cadillac,DeVille,1998,Red
2023-08-04,Kazakhstan,Oldsmobile,Bravada,2003,Violet
2023-06-07,Nigeria,Lexus,SC,1999,Violet
2023-03-15,Indonesia,Lexus,LS,1999,Khaki
2023-09-21,Colombia,Acura,Integra,1999,Blue
2023-03-20,Peru,Chevrolet,Suburban 2500,2011,Green
2023-07-09,Philippines,Mercedes-Benz,SL-Class,1988,Blue
2023-06-01,Saudi Arabia,Chevrolet,3500,1998,Teal
2023-11-09,Russia,Hyundai,Tiburon,1997,Yellow
2023-02-14,Uruguay,Toyota,Prius Plug-in,2012,Violet
2023-10-16,Sweden,Lincoln,LS,2000,Turquoise
2023-07-10,Japan,Pontiac,Grand Prix,1991,Goldenrod
2023-05-10,Angola,Volvo,XC90,2011,Mauv
2023-01-18,Colombia,Chevrolet,Express 3500,2006,Mauv
2023-04-23,Sweden,Ford,F-Series,2003,Violet
2023-11-26,Sweden,Jeep,Wrangler,2006,Puce
2023-10-23,Kazakhstan,Chevrolet,Lumina,1995,Red
2023-05-23,Cape Verde,Mercury,Monterey,2004,Mauv
2023-05-14,China,Mercedes-Benz,SL-Class,1999,Crimson
2023-08-28,South Africa,Mercury,Grand Marquis,2001,Orange
2023-01-20,France,BMW,5 Series,1992,Goldenrod
2023-09-27,Bulgaria,Mercury,Mystique,2000,Goldenrod
2023-11-01,France,Nissan,Sentra,2006,Khaki
2023-11-04,Nigeria,Mazda,Miata MX-5,2000,Mauv
2023-01-18,Vietnam,Mitsubishi,Diamante,1997,Puce
2023-06-23,China,Ford,Taurus X,2008,Violet
2023-09-06,China,BMW,7 Series,2002,Indigo
2023-02-08,China,Infiniti,G,2010,Turquoise
2023-05-04,Sri Lanka,Volkswagen,rio,1997,Pink
2023-07-09,Indonesia,Dodge,Stealth,1992,Crimson
2023-03-12,Sweden,Ford,Econoline E350,1999,Indigo
2023-10-11,China,Subaru,XT,1990,Fuscia
2023-12-02,China,Buick,Century,1989,Green
2023-10-12,Indonesia,Pontiac,Grand Prix,1965,Maroon
2023-03-30,Indonesia,Chevrolet,G-Series 1500,1996,Indigo
2023-03-18,China,Maybach,57S,2005,Aquamarine
2023-08-03,Ukraine,Audi,A4,2006,Blue
2023-06-03,Libya,Infiniti,QX,2010,Yellow
2023-01-17,Thailand,Jensen,Interceptor,1966,Blue
2023-05-01,Colombia,Pontiac,Firebird,2002,Teal
2023-05-26,Philippines,Jeep,Wrangler,1993,Aquamarine
2023-05-22,China,Alfa Romeo,Spider,1992,Aquamarine
2023-09-20,China,Toyota,FJ Cruiser,2008,Teal
2023-02-11,Portugal,Mitsubishi,Montero Sport,2003,Pink
2023-06-23,Czech Republic,Ford,Club Wagon,1994,Maroon
2023-12-11,Sweden,Toyota,FJ Cruiser,2008,Orange
2023-07-12,Zambia,GMC,Yukon,2003,Puce
2023-01-27,Thailand,Mercedes-Benz,CLK-Class,2000,Blue
2023-02-28,Portugal,Acura,TSX,2010,Yellow
2023-12-21,Portugal,Kia,Sportage,2008,Maroon
2023-08-21,Indonesia,Ford,Courier,1988,Orange
2023-05-31,China,Oldsmobile,Cutlass Cruiser,1994,Mauv
2023-08-09,Greece,Dodge,Dakota Club,2001,Goldenrod
2023-06-17,China,Chevrolet,Silverado 3500,2001,Puce
2023-12-30,Mongolia,BMW,8 Series,1993,Blue
2023-07-31,Peru,Saab,900,1989,Indigo
2023-01-16,Jordan,Mitsubishi,GTO,1994,Khaki
2023-12-29,Japan,Volkswagen,GTI,1989,Maroon
2023-12-12,China,GMC,Envoy,2002,Violet
2023-07-07,Indonesia,Dodge,Ram Wagon B150,1993,Fuscia
2023-06-07,Thailand,Dodge,Ram 2500,2005,Puce
2023-01-28,Iran,Ferrari,F430,2006,Green
2023-03-28,Cuba,Ford,Econoline E150,1997,Mauv
2023-01-30,France,Honda,Prelude,1993,Teal
2023-09-29,Indonesia,Mazda,626,1993,Puce
2023-01-24,Sweden,Nissan,Maxima,2000,Pink
2023-07-25,Poland,Saturn,S-Series,1993,Maroon
2023-11-17,China,Ford,Econoline E150,2001,Fuscia
2023-04-27,China,Ford,Flex,2013,Aquamarine
2023-09-01,Poland,Volkswagen,Type 2,1989,Red
2023-04-06,Indonesia,Mercury,Sable,1988,Violet
2023-11-18,Indonesia,Mazda,RX-8,2005,Puce
2023-09-15,China,Lexus,IS,2007,Teal
2023-03-12,United States,Nissan,Sentra,1999,Fuscia
2023-01-23,Philippines,GMC,Sierra 3500,2008,Red
2023-03-28,France,Lexus,RX,2000,Crimson
2023-12-14,China,Lexus,LS,2003,Fuscia
2023-11-22,Croatia,Suzuki,Swift,1997,Mauv
2023-09-07,Portugal,Chevrolet,Impala,2004,Maroon
2023-04-10,Saudi Arabia,Dodge,Stealth,1996,Khaki
2023-05-21,Czech Republic,Lamborghini,Diablo,1992,Green
2023-08-06,China,Chevrolet,G-Series G10,1992,Green
2023-05-08,China,Dodge,Avenger,2011,Teal
2023-12-15,France,GMC,Sierra 1500,2003,Puce
2023-04-08,Indonesia,Jaguar,XJ Series,1997,Puce
2023-06-29,Bangladesh,Ford,LTD,1986,Fuscia
2023-01-04,Poland,Mercury,Cougar,1984,Green
2023-03-19,Spain,Toyota,Paseo,1996,Goldenrod
2023-08-14,Mauritania,Chevrolet,Avalanche 1500,2006,Blue
2023-05-13,Brazil,Pontiac,Turbo Firefly,1990,Khaki
2023-07-26,Greece,Mitsubishi,3000GT,1993,Fuscia
2023-10-22,France,Jeep,Compass,2008,Mauv
2023-11-28,Dominican Republic,GMC,Savana 3500,2002,Goldenrod
2023-07-23,Bangladesh,Chrysler,Concorde,2001,Puce
2023-06-10,Philippines,Buick,Riviera,1987,Red
2023-11-09,Australia,Chevrolet,Colorado,2011,Mauv
2023-08-05,Morocco,Plymouth,Acclaim,1995,Maroon
2023-02-22,Ethiopia,Chevrolet,Tahoe,2013,Fuscia
2023-03-16,Pakistan,Chrysler,300,2006,Green
2023-11-11,Poland,GMC,2500,1995,Puce
2023-09-10,Russia,Jeep,Wrangler,2002,Indigo
2023-12-11,China,Pontiac,Sunbird,1985,Pink
2023-11-08,Poland,Mazda,MPV,1995,Crimson
2023-04-01,Lebanon,Dodge,Grand Caravan,2009,Puce
2023-05-10,Bulgaria,Mitsubishi,Montero,1996,Crimson
2023-10-29,China,Chevrolet,Suburban 1500,2009,Maroon
2023-05-26,Japan,Suzuki,SJ,1986,Maroon
2023-04-08,Swaziland,Lamborghini,Murciélago,2006,Red
2023-03-14,China,Porsche,928,1989,Orange
2023-02-11,China,Mercedes-Benz,M-Class,1999,Pink
2023-08-01,Thailand,Toyota,Tacoma,2012,Turquoise
2023-02-21,Kenya,Saab,9000,1988,Aquamarine
2023-11-30,Philippines,Saab,9-5,2009,Violet
2023-07-03,Bosnia and Herzegovina,BMW,7 Series,2009,Red
2023-03-23,Brazil,Chevrolet,S10,1994,Fuscia
2023-04-27,Belarus,Scion,xD,2009,Green
2023-08-16,Philippines,Lincoln,Navigator L,2007,Mauv
2023-04-11,China,Chrysler,Sebring,2003,Aquamarine
2023-10-01,Poland,Nissan,Frontier,2007,Aquamarine
2023-12-05,Comoros,Pontiac,Grand Prix,1992,Khaki
2023-03-04,Sweden,Volkswagen,Golf,2005,Red
2023-06-05,Greece,Kia,Sportage,1996,Khaki
2023-08-29,Indonesia,Volkswagen,GTI,2008,Goldenrod
2023-10-11,Venezuela,Mitsubishi,Chariot,1993,Purple
2023-09-18,Indonesia,Volvo,XC90,2011,Purple
2023-10-15,Colombia,Mitsubishi,Eclipse,1998,Orange
2023-08-11,Indonesia,Mercury,Marquis,1985,Khaki
2023-02-16,China,Toyota,T100,1996,Maroon
2023-10-04,Indonesia,Buick,Coachbuilder,1991,Yellow
2023-03-06,Portugal,Chevrolet,Camaro,1998,Khaki
2023-07-01,Indonesia,Ford,Expedition EL,2010,Puce
2023-01-02,Brazil,Bentley,Continental Flying Spur,2011,Indigo
2023-05-19,China,Mercedes-Benz,CLS-Class,2012,Khaki
2023-06-07,Sweden,Chevrolet,S10 Blazer,1992,Orange
2023-08-07,China,Suzuki,Sidekick,1996,Indigo
2023-12-05,Nigeria,Chevrolet,Metro,1999,Maroon
2023-10-27,Norway,Dodge,Dakota,1993,Green
2023-09-29,Nigeria,Volkswagen,Rabbit,2010,Purple
2023-05-20,Albania,Nissan,Altima,1997,Indigo
2023-02-17,Indonesia,Infiniti,G,1999,Crimson
2023-12-12,United States,Mercedes-Benz,S-Class,1986,Orange
2023-10-12,China,Buick,Park Avenue,1996,Green
2023-10-06,Armenia,Lotus,Exige,2011,Orange
2023-11-10,Russia,Cadillac,DeVille,2002,Indigo
2023-05-01,China,Dodge,Ram Van 3500,1997,Puce
2023-03-09,Ecuador,Chevrolet,Suburban 1500,2008,Puce
2023-11-09,Ivory Coast,Ford,F-Series,2007,Aquamarine
2023-07-02,New Zealand,Volvo,S40,2011,Violet
2023-06-13,Colombia,Isuzu,Trooper,2001,Blue
2023-06-06,China,Chevrolet,HHR,2008,Puce
2023-05-05,Paraguay,Mercury,Sable,2004,Fuscia
2023-11-30,Uzbekistan,Land Rover,Range Rover,1990,Puce
2023-12-09,China,Chrysler,Cirrus,1996,Crimson
2023-07-01,Czech Republic,Honda,Prelude,1993,Indigo
2023-06-05,Azerbaijan,Lexus,GS,2005,Turquoise
2023-11-17,Portugal,Maserati,Spyder,1991,Pink
2023-04-16,Guatemala,Dodge,Daytona,1984,Violet
2023-03-13,Slovenia,Nissan,Quest,1996,Khaki
2023-03-09,China,Ford,F-Series,2006,Khaki
2023-06-17,Nigeria,GMC,Canyon,2010,Orange
2023-06-08,China,Audi,TT,2003,Mauv
2023-09-25,Tanzania,Chevrolet,S10,2003,Violet
2023-04-08,Mongolia,Hyundai,Sonata,2010,Green
2023-09-04,Sweden,Dodge,Omni,1978,Yellow
2023-05-23,China,Land Rover,Range Rover,1996,Aquamarine
2023-10-13,Pakistan,Ford,E-Series,1992,Mauv
2023-08-21,Portugal,Mazda,Mazda5,2010,Purple
2023-03-30,Indonesia,Ferrari,612 Scaglietti,2007,Aquamarine
2023-12-01,Indonesia,Toyota,Yaris,2009,Fuscia
2023-08-17,Cameroon,Toyota,MR2,2004,Red
2023-06-22,Luxembourg,Aston Martin,DB9 Volante,2006,Turquoise
2023-12-14,China,BMW,8 Series,1992,Yellow
2023-10-18,China,Subaru,Impreza,2005,Crimson
2023-04-15,Pakistan,Nissan,NV3500,2012,Yellow
2023-02-14,Nepal,Saturn,L-Series,2003,Puce
2023-05-01,United States,Hyundai,Accent,2008,Red
2023-06-28,Greece,Scion,tC,2011,Indigo
2023-04-23,Ivory Coast,Dodge,Intrepid,1998,Red
2023-01-17,China,Pontiac,Firebird,1994,Orange
2023-06-17,China,Lincoln,Navigator,2002,Aquamarine
2023-12-06,Czech Republic,Mercedes-Benz,S-Class,1997,Pink
2023-06-03,United States,Volkswagen,Fox,1988,Aquamarine
2023-05-28,Cuba,Mercedes-Benz,S-Class,2007,Khaki
2023-12-14,Indonesia,Infiniti,IPL G,2012,Orange
2023-03-10,Russia,Pontiac,6000,1989,Fuscia
2023-05-02,Yemen,Mitsubishi,Starion,1987,Violet
2023-10-23,China,Cadillac,XLR-V,2007,Puce
2023-06-05,Portugal,Subaru,Impreza,2011,Maroon
2023-12-19,Indonesia,Mitsubishi,Mirage,1984,Violet
2023-03-17,Brazil,Mercury,Sable,2004,Maroon
2023-09-17,Indonesia,Mazda,MPV,2005,Mauv
2023-10-31,Russia,Cadillac,CTS-V,2010,Puce
2023-05-31,China,Jaguar,S-Type,2004,Turquoise
2023-03-17,Ukraine,Volkswagen,Jetta,2001,Fuscia
2023-10-01,Sri Lanka,Land Rover,Range Rover,1992,Turquoise
2023-08-02,Brazil,Mitsubishi,Eclipse,2003,Blue
2023-09-06,Swaziland,Toyota,Echo,2000,Green
2023-03-19,Poland,Volvo,XC90,2008,Crimson
2023-02-24,Micronesia,Buick,LeSabre,1998,Mauv
2023-12-02,Nigeria,Nissan,Altima,2010,Yellow
2023-10-23,China,Ford,E150,2003,Orange
2023-12-03,Indonesia,Volvo,V70,2004,Crimson
2023-05-09,Philippines,Volvo,S80,2000,Teal
2023-04-10,Serbia,Toyota,Avalon,1996,Crimson
2023-10-03,Brazil,Mazda,B-Series,2002,Purple
2023-06-14,Ukraine,Buick,Regal,2003,Teal
2023-05-31,Sweden,Oldsmobile,Aurora,2003,Orange
2023-12-17,Russia,Toyota,Camry,2007,Pink
2023-02-16,China,Ford,F250,2002,Crimson
2023-08-03,Indonesia,Chevrolet,Blazer,2003,Blue
2023-03-24,Madagascar,Honda,Prelude,1984,Orange
2023-03-02,Swaziland,Mazda,Mazdaspeed6,2006,Orange
2023-07-22,Philippines,Mazda,Mazda3,2006,Turquoise
2023-12-25,Indonesia,Hyundai,Accent,1999,Maroon
2023-08-25,Poland,Chevrolet,Sportvan G20,1995,Turquoise
2023-08-01,Russia,Mazda,Mazda3,2010,Blue
2023-02-02,Colombia,Ford,LTD Crown Victoria,1987,Indigo
2023-02-17,Nigeria,Mitsubishi,Mirage,1989,Orange
2023-04-19,China,Buick,Terraza,2006,Violet
2023-04-24,China,Lincoln,Continental,1997,Fuscia
2023-01-04,China,Mercedes-Benz,C-Class,1995,Yellow
2023-03-08,France,Volkswagen,Jetta,2000,Purple
2023-11-18,Thailand,Porsche,Cayenne,2004,Pink
2023-10-21,China,Chrysler,Town & Country,1999,Yellow
2023-08-06,Malaysia,Chevrolet,Camaro,2012,Red
2023-05-14,Uzbekistan,Mercury,Mountaineer,1998,Aquamarine
2023-12-08,French Polynesia,GMC,Savana 2500,2012,Red
2023-10-14,Slovenia,Buick,Riviera,1998,Mauv
2023-04-22,Guatemala,Lexus,GX,2003,Mauv
2023-02-23,China,GMC,Jimmy,1996,Aquamarine
2023-10-16,China,Chevrolet,Suburban 1500,1999,Teal
2023-02-16,Uganda,Suzuki,Vitara,2001,Purple
2023-03-09,Brazil,Acura,NSX,1998,Green
2023-12-07,China,Chevrolet,Caprice,1977,Green
2023-10-16,Pakistan,Tesla,Roadster,2011,Turquoise
2023-06-08,Yemen,Kia,Rio,2005,Purple
2023-08-21,Poland,Buick,Riviera,1989,Goldenrod
2023-11-28,Sweden,Mazda,Mazda3,2005,Pink
2023-11-01,Japan,Mitsubishi,3000GT,1992,Khaki
2023-08-06,China,GMC,3500 Club Coupe,1995,Violet
2023-04-14,Netherlands,Cadillac,DTS,2008,Orange
2023-03-04,Mexico,Mercedes-Benz,S-Class,2006,Indigo
2023-01-24,Bosnia and Herzegovina,Subaru,Outback,2010,Blue
2023-11-26,United Kingdom,Dodge,Ram Van 2500,2003,Crimson
2023-12-21,Russia,Chevrolet,Beretta,1995,Pink
2023-11-09,Haiti,Suzuki,Daewoo Lacetti,2006,Puce
2023-10-16,Palestinian Territory,Mercedes-Benz,Sprinter 3500,2012,Pink
2023-05-05,United States,Cadillac,Escalade EXT,2006,Green
2023-08-30,China,Ford,Flex,2011,Fuscia
2023-01-17,China,Toyota,Sequoia,2011,Crimson
2023-07-12,China,Honda,Element,2008,Blue
2023-06-30,Portugal,Infiniti,Q,2001,Orange
2023-07-11,China,Chevrolet,Corvette,1986,Goldenrod
2023-01-04,Russia,GMC,Safari,1993,Aquamarine
2023-12-04,United States,Lexus,SC,1997,Red
2023-04-10,Azerbaijan,Audi,90,1988,Blue
2023-02-04,Mauritania,Ford,Explorer,1996,Goldenrod
2023-03-19,South Korea,Dodge,Intrepid,2001,Pink
2023-07-20,Indonesia,Oldsmobile,Aurora,2003,Yellow
2023-05-02,Indonesia,Scion,xA,2005,Purple
2023-08-20,China,Scion,xB,2008,Purple
2023-04-28,Philippines,Buick,Lucerne,2007,Red
2023-01-13,Aland Islands,Plymouth,Neon,1995,Teal
2023-10-18,Armenia,Subaru,Impreza,1993,Violet
2023-03-06,Cuba,Toyota,Yaris,2007,Khaki
2023-07-10,Russia,Pontiac,Grand Prix,1964,Purple
2023-12-17,Russia,Plymouth,Acclaim,1992,Red
2023-12-18,Philippines,Ford,Edge,2008,Green
2023-10-22,China,Mitsubishi,Outlander Sport,2012,Green
2023-07-11,China,Mercedes-Benz,600SEC,1993,Pink
2023-12-11,Bangladesh,Ford,Escort,1999,Green
2023-01-02,Russia,Ford,Freestyle,2007,Pink
2023-02-12,Indonesia,Plymouth,Colt Vista,1992,Teal
2023-10-13,Portugal,Nissan,Sentra,2007,Turquoise
2023-12-21,Canada,Lotus,Esprit,1993,Aquamarine
2023-07-16,Vietnam,Mitsubishi,Pajero,1985,Turquoise
2023-05-01,Honduras,Subaru,Impreza,2008,Yellow
2023-08-29,United States,Dodge,Grand Caravan,1994,Aquamarine
2023-06-14,Peru,Volkswagen,GTI,1991,Red
2023-01-04,Canada,Toyota,Avalon,2003,Crimson
2023-11-08,Indonesia,Volkswagen,Fox,1987,Mauv
2023-09-24,Philippines,Maybach,57,2003,Turquoise
2023-11-29,Brazil,Infiniti,M,2008,Crimson
2023-07-31,Poland,Ford,E150,2010,Green
2023-10-09,Israel,GMC,3500 Club Coupe,1995,Blue
2023-09-03,China,BMW,7 Series,1999,Yellow
2023-01-06,Norway,Mitsubishi,Mirage,1985,Goldenrod
2023-03-23,Bolivia,Infiniti,M,1992,Crimson
2023-04-05,Lithuania,Jeep,Grand Cherokee,1994,Pink
2023-09-07,China,Buick,Century,1987,Turquoise
2023-04-22,Slovenia,Chevrolet,Equinox,2006,Khaki
2023-09-16,Azerbaijan,Chrysler,Pacifica,2005,Purple
2023-10-27,Morocco,Chrysler,300M,2001,Red
2023-07-15,Uzbekistan,Mazda,CX-7,2008,Pink
2023-06-15,Mexico,Acura,CL,2003,Indigo
2023-09-04,Poland,GMC,Yukon,2006,Khaki
2023-10-25,Poland,Ford,Probe,1990,Crimson
2023-05-10,Philippines,Dodge,Nitro,2007,Red
2023-08-27,Indonesia,Chevrolet,3500,1996,Teal
2023-05-02,Kazakhstan,Plymouth,Colt Vista,1994,Puce
2023-08-01,China,Mazda,626,1998,Fuscia
2023-10-21,Russia,Jeep,Grand Cherokee,2004,Teal
2023-09-24,Indonesia,Mitsubishi,Starion,1986,Blue
2023-09-05,Nigeria,Volkswagen,GTI,2012,Teal
2023-09-04,Ukraine,Volkswagen,Cabriolet,1990,Teal
2023-12-22,South Africa,Ford,Escort,1989,Goldenrod
2023-06-10,Portugal,Mitsubishi,Galant,1984,Crimson
2023-11-07,Indonesia,Mazda,929,1991,Blue
2023-12-26,Niger,Ford,E250,2006,Indigo
2023-11-05,Thailand,Mitsubishi,Pajero,1987,Blue
2023-08-13,China,Nissan,Altima,2005,Aquamarine
2023-06-11,Portugal,Ford,F-Series,1993,Turquoise
2023-11-11,Indonesia,Infiniti,M,2012,Puce
2023-01-26,Iraq,Ford,E-Series,2003,Aquamarine
2023-04-14,Argentina,Saturn,S-Series,2001,Goldenrod
2023-11-25,Luxembourg,Ford,Escort,1997,Indigo
2023-05-25,Colombia,Honda,Accord,1994,Puce
2023-12-30,Nigeria,Plymouth,Voyager,1995,Orange
2023-07-13,Ethiopia,Toyota,Prius,2011,Violet
2023-01-05,Czech Republic,Bentley,Continental GT,2009,Red
2023-01-14,Canada,Toyota,Venza,2011,Red
2023-02-09,Czech Republic,Studebaker,Avanti,1961,Pink
2023-06-23,Indonesia,Toyota,Avalon,2012,Goldenrod
2023-11-29,Greece,Buick,Regal,1985,Mauv
2023-09-28,Portugal,Toyota,Land Cruiser,2006,Goldenrod
2023-09-21,South Africa,Pontiac,Grand Prix,1994,Red
2023-10-06,Portugal,Mazda,Millenia,2000,Puce
2023-06-11,Colombia,Saab,9000,1988,Violet
2023-11-09,Brazil,Audi,A8,1998,Red
2023-06-22,Sweden,Nissan,Rogue,2008,Red
2023-10-30,Philippines,Chevrolet,Suburban,2011,Maroon
2023-04-09,Philippines,Suzuki,Daewoo Lacetti,2007,Pink
2023-02-23,China,Mazda,Mazda5,2007,Turquoise
2023-03-12,China,Jeep,Grand Cherokee,2002,Goldenrod
2023-03-05,Uruguay,Ford,Focus,2013,Fuscia
2023-11-29,Thailand,BMW,M3,2011,Goldenrod
2023-05-09,Burkina Faso,Lincoln,MKS,2011,Aquamarine
2023-08-22,Albania,Daewoo,Leganza,2002,Pink
2023-09-02,Aland Islands,Lincoln,Town Car,1989,Mauv
2023-07-09,Guatemala,Mazda,Miata MX-5,2006,Teal
2023-09-07,China,Mitsubishi,RVR,1993,Orange
2023-05-08,Syria,Dodge,Dakota Club,1998,Maroon
2023-10-02,Czech Republic,Pontiac,6000,1984,Orange
2023-07-17,Guinea,GMC,Savana 2500,2005,Green
2023-07-25,China,Chevrolet,Tahoe,2008,Purple
2023-03-11,Canada,Saturn,L-Series,2002,Mauv
2023-05-16,Indonesia,Mercury,Marauder,2003,Indigo
2023-12-20,Netherlands,Volvo,960,1997,Pink
2023-01-03,Peru,Chevrolet,3500,1999,Goldenrod
2023-06-02,China,GMC,Yukon XL 2500,2006,Blue
2023-11-26,Philippines,Pontiac,G6,2006,Red
2023-09-19,Brazil,Audi,200,1989,Blue
2023-12-10,Ghana,Nissan,Murano,2012,Aquamarine
2023-05-19,Austria,Toyota,Tacoma,2001,Fuscia
2023-06-08,Canada,Land Rover,Defender 90,1994,Indigo
2023-10-10,Peru,Pontiac,G6,2005,Maroon
2023-01-23,Ukraine,Mercedes-Benz,W201,1989,Yellow
2023-11-09,Argentina,Saab,900,1993,Green
2023-04-29,China,Honda,Passport,2000,Green
2023-11-14,Philippines,Chevrolet,Camaro,1978,Yellow
2023-02-18,Russia,Honda,S2000,2009,Pink
2023-03-17,Peru,Lamborghini,Murciélago,2002,Violet
2023-06-09,Indonesia,Volvo,XC90,2006,Blue
2023-01-24,Philippines,Nissan,200SX,1998,Goldenrod
2023-02-07,Indonesia,Land Rover,LR4,2011,Green
2023-06-03,United States,Dodge,Caliber,2009,Teal
2023-06-07,Thailand,Subaru,Impreza,1997,Purple
2023-06-17,China,Buick,Terraza,2005,Green
2023-02-09,Yemen,GMC,1500,1992,Red
2023-02-27,North Korea,Toyota,Celica,1976,Mauv
2023-09-03,Indonesia,Chevrolet,Avalanche 1500,2002,Goldenrod
2023-06-30,France,Dodge,Charger,2006,Teal
2023-01-19,Mali,Lexus,ES,2003,Teal
2023-09-27,China,Saab,9-3,2010,Mauv
2023-02-17,France,Subaru,Outback,2007,Blue
2023-11-12,Canada,Ford,F250,2009,Teal
2023-01-03,Philippines,Mitsubishi,Montero Sport,2002,Puce
2023-08-11,China,Suzuki,XL7,2008,Pink
2023-07-24,Russia,Acura,TL,2010,Teal
2023-09-16,Peru,Audi,A6,1997,Orange
2023-11-26,Portugal,Ford,F350,1997,Blue
2023-04-07,China,Suzuki,Vitara,2003,Indigo
2023-09-18,Philippines,Ford,E250,2011,Yellow
2023-10-09,France,Mitsubishi,Chariot,1994,Crimson
2023-09-29,Ukraine,Toyota,Camry,2004,Pink
2023-09-22,Mali,Mercury,Mystique,1998,Fuscia
2023-11-11,Iran,Corbin,Sparrow,1999,Goldenrod
2023-09-29,South Africa,GMC,Yukon XL 2500,2003,Blue
2023-04-02,Indonesia,Scion,xB,2004,Fuscia
2023-08-01,Sweden,Volkswagen,Fox,1992,Fuscia
2023-07-14,Philippines,Scion,xB,2012,Teal
2023-09-12,Thailand,Volkswagen,riolet,1993,Maroon
2023-07-27,United States,Chevrolet,Caprice,1992,Goldenrod
2023-01-09,Sweden,Dodge,Ram Van B350,1992,Orange
2023-03-21,Indonesia,Ford,F350,1993,Pink
2023-08-14,Netherlands,Lexus,LX,2005,Khaki
2023-08-09,Aland Islands,Honda,Pilot,2011,Teal
2023-02-16,China,Plymouth,Colt Vista,1994,Maroon
2023-05-08,Belarus,Nissan,Xterra,2002,Teal
2023-07-26,Uganda,BMW,7 Series,2010,Crimson
2023-12-24,Tunisia,Toyota,Tundra,2008,Goldenrod
2023-01-10,Sierra Leone,Mercury,Grand Marquis,1995,Goldenrod
2023-10-13,Portugal,Ford,F350,2012,Maroon
2023-09-19,China,Nissan,Sentra,2004,Pink
2023-02-04,Indonesia,Cadillac,DTS,2006,Fuscia
2023-11-02,Democratic Republic of the Congo,Mazda,MX-6,1993,Indigo
2023-03-27,Brazil,Mitsubishi,Eclipse,1998,Blue
2023-09-24,Poland,Ford,F250,2000,Goldenrod
2023-06-17,Niger,Ford,Ranger,2000,Indigo
2023-05-02,France,Dodge,Dakota Club,2007,Teal
2023-02-27,Portugal,Pontiac,Bonneville,1997,Purple
2023-06-03,Ukraine,Volvo,S60,2002,Goldenrod
2023-05-01,Netherlands,Plymouth,Colt,1994,Purple
2023-05-17,China,Suzuki,Sidekick,1995,Pink
2023-01-23,Cuba,Mazda,Mazda6,2012,Green
2023-04-23,France,Audi,A6,2003,Blue
2023-08-25,Indonesia,Mitsubishi,Lancer,2009,Pink
2023-12-11,China,Honda,Pilot,2003,Aquamarine
2023-08-19,Philippines,Rolls-Royce,Phantom,2006,Violet
2023-02-28,Russia,Audi,5000S,1988,Blue
2023-08-15,Albania,Oldsmobile,Achieva,1993,Aquamarine
2023-06-11,Syria,Audi,S8,2006,Khaki
2023-10-12,China,Dodge,Spirit,1993,Maroon
2023-06-13,Portugal,Ford,Taurus X,2008,Pink
2023-09-03,Serbia,Daihatsu,Rocky,1992,Red
2023-04-18,Finland,Bentley,Azure,2007,Maroon
2023-03-14,Greece,Chrysler,300,2008,Goldenrod
2023-04-06,Vietnam,Volvo,S60,2004,Khaki
2023-11-13,Pakistan,Chrysler,Concorde,1998,Blue
2023-01-03,Togo,Kia,Spectra5,2006,Orange
2023-11-26,Iran,Chevrolet,Impala,2001,Orange
2023-03-23,Panama,Ford,E-Series,2012,Green
2023-01-22,Colombia,Oldsmobile,Intrigue,2000,Purple
2023-02-22,Philippines,Mitsubishi,Chariot,1991,Purple
2023-02-20,Uzbekistan,Isuzu,Hombre,1997,Green
2023-12-15,France,Acura,CL,2003,Crimson
2023-08-20,Croatia,Maserati,Quattroporte,2010,Fuscia
2023-01-23,Peru,Acura,RDX,2011,Blue
2023-08-11,Yemen,Subaru,BRZ,2013,Goldenrod
2023-07-17,Indonesia,Saturn,L-Series,2000,Green
2023-01-10,Brazil,Suzuki,Kizashi,2011,Khaki
2023-10-29,Georgia,Mercury,Sable,1995,Mauv
2023-04-13,Philippines,Lexus,ES,1990,Puce
2023-10-07,United States,Dodge,Ram 2500,1997,Yellow
2023-02-24,Russia,Toyota,Land Cruiser,1992,Orange
2023-09-11,Turkmenistan,Honda,CR-V,2000,Red
2023-04-20,China,Aston Martin,DBS,2012,Crimson
2023-12-18,China,Pontiac,Vibe,2007,Fuscia
2023-07-03,China,Chevrolet,1500,1992,Crimson
2023-08-29,Greece,Toyota,Tacoma Xtra,2000,Turquoise
2023-04-11,United States,Ford,Econoline E150,1992,Violet
2023-02-17,Philippines,Ford,Bronco II,1988,Crimson
2023-06-09,Greece,Volkswagen,Golf,1983,Red
2023-10-26,South Africa,Lincoln,Town Car,2008,Khaki
2023-09-26,Kazakhstan,Buick,Century,1997,Orange
2023-01-11,Zambia,Mitsubishi,Mirage,1990,Mauv
2023-02-11,Slovenia,BMW,8 Series,1996,Indigo
2023-05-02,France,Honda,Ridgeline,2007,Fuscia
2023-07-21,France,Kia,Optima,2010,Green
2023-07-04,Comoros,Maybach,62,2003,Blue
2023-07-23,Czech Republic,Ford,F150,1995,Blue
2023-10-11,Russia,Ford,Thunderbird,1955,Mauv
2023-01-20,Indonesia,Subaru,Alcyone SVX,1994,Maroon
2023-04-22,Russia,Subaru,Legacy,1997,Aquamarine
2023-05-17,Brazil,GMC,Sierra,2011,Blue
2023-05-15,China,Ferrari,612 Scaglietti,2009,Blue
2023-01-14,Russia,Chrysler,Aspen,2008,Puce
2023-10-21,Azerbaijan,Mercedes-Benz,C-Class,2002,Aquamarine
2023-04-10,Germany,Volvo,XC70,2003,Puce
2023-09-06,China,Lexus,LS,2001,Red
2023-01-08,Poland,Mercury,Sable,1991,Violet
2023-09-30,Indonesia,Mercury,Grand Marquis,2008,Orange
2023-05-29,Indonesia,Chrysler,Town & Country,2007,Khaki
2023-03-05,Japan,Lincoln,Continental,1994,Puce
2023-01-04,Russia,Mazda,Millenia,1998,Khaki
2023-04-24,Guyana,Chevrolet,Express,2011,Pink
2023-03-13,Ukraine,Chevrolet,Suburban 2500,2002,Mauv
2023-02-20,Slovenia,GMC,Sierra 2500,2004,Teal
2023-08-16,France,Honda,Civic,2006,Yellow
2023-04-21,Niger,Lotus,Elise,2006,Goldenrod
2023-10-25,Philippines,Dodge,Ram 1500,2002,Teal
2023-08-13,Jamaica,Mitsubishi,Truck,1987,Green
2023-02-16,Spain,Chevrolet,Silverado,2001,Aquamarine
2023-08-13,Indonesia,Nissan,Quest,2004,Teal
2023-07-13,China,Toyota,4Runner,2004,Fuscia
2023-06-05,China,Dodge,Ram 1500,2001,Goldenrod
2023-07-04,Russia,Chevrolet,Monte Carlo,2006,Fuscia
2023-07-31,Azerbaijan,Mercury,Sable,1998,Mauv
2023-08-16,France,Cadillac,Allante,1992,Crimson
2023-03-29,Argentina,Dodge,Neon,1996,Teal
2023-07-05,Russia,BMW,X5,2000,Puce
2023-10-08,Uzbekistan,Mercedes-Benz,M-Class,2006,Fuscia
2023-09-18,Russia,Toyota,Tercel,1992,Red
2023-02-21,Japan,Honda,Civic,1980,Teal
2023-04-03,China,Lexus,GS,1994,Pink
2023-01-25,Indonesia,Cadillac,Escalade EXT,2009,Maroon
2023-05-24,China,Dodge,Intrepid,1993,Turquoise
2023-05-28,Mongolia,Chevrolet,Cobalt SS,2009,Orange
2023-11-04,Indonesia,BMW,3 Series,2005,Crimson
2023-09-26,France,Honda,Prelude,1984,Aquamarine
2023-12-28,Indonesia,Toyota,Supra,1993,Turquoise
2023-01-25,Portugal,Toyota,Yaris,2012,Blue
2023-12-08,France,Chevrolet,Express 2500,2010,Yellow
2023-02-26,Kuwait,Dodge,Viper,1992,Puce
2023-12-04,Poland,Saab,9-5,2001,Aquamarine
2023-11-18,Sweden,Pontiac,Bonneville,2002,Red
2023-02-20,Russia,Subaru,Tribeca,2006,Fuscia
2023-09-18,Japan,Acura,Vigor,1994,Blue
2023-02-06,Ukraine,Fiat,Nuova 500,2012,Aquamarine
2023-10-19,Portugal,Subaru,Impreza,2006,Green
2023-03-10,Russia,Mercedes-Benz,E-Class,1986,Blue
2023-01-07,Indonesia,Pontiac,Sunbird,1991,Maroon
2023-07-08,Panama,Toyota,Tacoma,2011,Purple
2023-10-30,Thailand,Aston Martin,DB9,2010,Violet
2023-03-21,Marshall Islands,Toyota,Paseo,1992,Puce
2023-12-26,Russia,Land Rover,LR4,2012,Crimson
2023-08-26,Mexico,Chevrolet,Suburban,2007,Maroon
2023-10-18,Philippines,Toyota,Celica,1976,Blue
2023-06-06,China,Nissan,200SX,1995,Puce
2023-10-02,Namibia,Chevrolet,Malibu,1999,Aquamarine
2023-06-16,Ghana,Mazda,Mazda6,2003,Green
2023-03-21,Indonesia,Dodge,Ram Van 2500,1995,Violet
2023-03-02,China,Pontiac,Bonneville,2003,Green
2023-09-17,Greece,Chevrolet,Tahoe,2000,Orange
2023-05-05,Israel,Pontiac,Gemini,1986,Orange
2023-05-08,China,Mercedes-Benz,G-Class,2002,Red
2023-12-01,Ivory Coast,Subaru,Alcyone SVX,1997,Fuscia
2023-03-17,Czech Republic,Ford,F350,2011,Mauv
2023-07-01,Brazil,Mitsubishi,Diamante,1996,Green
2023-10-01,China,Dodge,Ram 3500,1995,Fuscia
2023-12-03,Tajikistan,Isuzu,Trooper,1992,Blue
2023-08-24,China,Chevrolet,Uplander,2008,Teal
2023-07-24,Tanzania,Mercury,Topaz,1986,Yellow
2023-01-19,China,Honda,CR-V,2003,Pink
2023-08-16,Czech Republic,Scion,xD,2012,Aquamarine
2023-07-26,Russia,Audi,RS4,2008,Crimson
2023-07-17,China,Bentley,Continental Super,2010,Indigo
2023-11-29,Paraguay,Lamborghini,Murciélago,2009,Pink
2023-05-18,Syria,Oldsmobile,Aurora,1998,Fuscia
2023-04-24,China,Porsche,911,2012,Blue
2023-10-19,China,Mercury,Topaz,1991,Puce
2023-07-20,Brazil,Mitsubishi,Starion,1984,Puce
2023-04-28,Egypt,Dodge,Challenger,2008,Violet
2023-04-17,Sweden,GMC,2500,1993,Goldenrod
2023-11-05,Canada,Subaru,Forester,2005,Crimson
2023-09-17,Russia,Mercedes-Benz,SL-Class,1996,Green
2023-02-07,United States,Ferrari,California,2009,Orange
2023-09-26,Philippines,Mitsubishi,Pajero,1991,Violet
2023-06-14,Ukraine,Chevrolet,Impala SS,1995,Pink
2023-09-11,Greece,Ford,Th!nk,2001,Turquoise
2023-06-14,Poland,Acura,TL,2004,Crimson
2023-07-31,South Africa,Chevrolet,3500,1996,Teal
2023-03-15,China,GMC,Yukon Denali,2006,Mauv
2023-03-31,China,Chevrolet,Cruze,2011,Khaki
2023-02-01,Indonesia,GMC,Sonoma Club Coupe,1995,Khaki
2023-05-28,Czech Republic,Chrysler,300C,2005,Goldenrod
2023-05-30,China,Lexus,LS,2009,Maroon
2023-12-29,France,Audi,A8,2001,Maroon
2023-08-12,France,Dodge,Ram 3500,2010,Crimson
2023-01-16,Portugal,Ford,Fusion,2007,Pink
2023-05-01,Greece,GMC,Safari,1995,Mauv
2023-11-03,Switzerland,Honda,Odyssey,2005,Blue
2023-09-12,China,Audi,A3,2009,Purple
2023-10-10,Argentina,Toyota,Camry,2001,Goldenrod
2023-07-30,Brazil,Buick,Reatta,1991,Aquamarine
2023-04-11,Slovenia,Volkswagen,Passat,2004,Khaki
2023-12-30,Sweden,Nissan,Maxima,2010,Maroon
2023-08-09,Philippines,BMW,X5,2000,Khaki
2023-03-12,China,Dodge,Dakota,1994,Turquoise
2023-08-28,Iran,McLaren,MP4-12C,2012,Yellow
2023-12-15,Brazil,Subaru,Impreza,2003,Pink
2023-03-12,Tanzania,Saab,900,1999,Green
2023-07-31,Norway,Saturn,Ion,2007,Mauv
2023-02-18,China,Mercury,Sable,2000,Goldenrod
2023-12-11,Ivory Coast,Volvo,S60,2011,Khaki
2023-09-22,Moldova,Eagle,Vision,1995,Purple
2023-01-15,China,Honda,Ridgeline,2011,Puce
2023-09-22,Sweden,Lamborghini,Aventador,2012,Fuscia
2023-03-02,Brazil,Land Rover,Defender,1994,Pink
2023-11-19,Russia,Chevrolet,Sonic,2012,Orange
2023-08-10,Indonesia,Mitsubishi,Eclipse,2004,Aquamarine
2023-01-30,Honduras,Hyundai,Accent,1999,Pink
2023-05-08,China,Chrysler,Town & Country,1993,Goldenrod
2023-08-24,Ukraine,Mitsubishi,Lancer,2004,Puce
2023-01-17,Armenia,Mercedes-Benz,GLK-Class,2011,Maroon
2023-09-04,China,Toyota,Celica,2003,Fuscia
2023-09-05,China,GMC,Savana 1500,1999,Purple
2023-07-31,Portugal,Mitsubishi,Lancer Evolution,2011,Teal
2023-06-13,Indonesia,Porsche,Boxster,2009,Teal
2023-01-10,Brazil,Chrysler,Town & Country,2010,Maroon
2023-04-04,Bosnia and Herzegovina,Ferrari,F430 Spider,2006,Pink
2023-04-29,Norway,Land Rover,Discovery,1994,Purple
2023-07-31,China,Toyota,Solara,2004,Red
2023-06-11,China,Dodge,D150 Club,1993,Red
2023-12-13,Bosnia and Herzegovina,Mercedes-Benz,SL-Class,2003,Red
2023-06-08,Indonesia,Mitsubishi,Eclipse,2000,Mauv
2023-02-15,China,Maserati,Spyder,2002,Pink
2023-02-15,Spain,Infiniti,EX,2010,Violet
2023-09-28,China,Lincoln,Navigator,2009,Crimson
2023-01-25,China,Volvo,C70,2006,Orange
2023-06-02,Poland,Honda,CR-V,2004,Green
2023-05-18,Russia,Chevrolet,Volt,2012,Yellow
2023-07-07,Mexico,Mitsubishi,Montero Sport,1999,Red
2023-07-20,China,Chevrolet,Malibu,2000,Crimson
2023-03-02,Brazil,Toyota,Celica,1994,Khaki
2023-10-05,Germany,Plymouth,Neon,2000,Indigo
2023-03-17,South Korea,Mitsubishi,Lancer,2004,Teal
2023-08-04,Russia,Acura,Integra,1994,Pink
2023-06-09,China,Toyota,Avalon,2007,Goldenrod
2023-01-07,Morocco,Toyota,Tacoma,2000,Purple
2023-08-25,Argentina,Chevrolet,Cavalier,2004,Indigo
2023-10-30,Indonesia,Dodge,Avenger,2009,Indigo
2023-03-21,Indonesia,Jeep,Wrangler,1995,Pink
2023-06-26,Saudi Arabia,Infiniti,M,2008,Violet
2023-07-21,Burkina Faso,Chevrolet,Suburban 1500,2007,Purple
2023-04-24,Indonesia,MINI,Cooper Clubman,2010,Crimson
2023-04-02,Indonesia,Chevrolet,Tahoe,2012,Purple
2023-11-08,Vietnam,Chevrolet,Silverado 1500,2006,Pink
2023-07-16,Denmark,Chevrolet,G-Series G20,1992,Green
2023-12-13,Indonesia,Volkswagen,GTI,2002,Blue
2023-07-12,Madagascar,Audi,TT,2001,Violet
2023-07-19,Portugal,Volvo,C70,2003,Yellow
2023-12-15,Syria,Chrysler,LHS,2001,Indigo
2023-10-15,China,Volvo,V70,2006,Khaki
2023-01-07,China,Suzuki,Forenza,2007,Goldenrod
2023-09-16,Serbia,GMC,Savana,2007,Red
2023-10-31,Poland,Oldsmobile,Silhouette,1998,Violet
2023-11-10,Indonesia,Ford,Fairlane,1967,Purple
2023-09-03,Panama,Saab,900,1989,Violet
2023-05-25,Norway,Mercedes-Benz,SLK-Class,1998,Crimson
2023-07-13,China,Aston Martin,DB9,2006,Violet
2023-12-23,Russia,Cadillac,Brougham,1992,Blue
2023-12-14,Indonesia,Pontiac,Grand Prix,1981,Purple
2023-06-19,Indonesia,Chevrolet,Lumina APV,1993,Violet
2023-12-18,China,Nissan,Titan,2011,Crimson
2023-06-21,China,Hyundai,Accent,1998,Crimson
2023-12-21,China,Nissan,Murano,2009,Green
2023-03-07,Indonesia,Land Rover,Freelander,2004,Violet
2023-04-07,Portugal,Chevrolet,Cavalier,1998,Mauv
2023-07-04,Iran,Toyota,Yaris,2010,Fuscia
2023-10-20,Egypt,Mercedes-Benz,Sprinter 3500,2012,Turquoise
2023-04-08,Mexico,Volkswagen,Phaeton,2005,Green
2023-01-15,China,Ford,E-Series,1989,Purple
2023-07-31,Indonesia,Ford,Econoline E150,1999,Aquamarine
2023-06-18,Argentina,Saturn,Ion,2005,Yellow
2023-06-16,Russia,Chrysler,300,2008,Violet
2023-05-04,China,Toyota,Yaris,2007,Goldenrod
2023-10-09,Russia,Jeep,Wrangler,1998,Maroon
2023-08-05,China,Subaru,Tribeca,2011,Indigo
2023-03-08,China,Porsche,944,1984,Violet
2023-08-28,China,Kia,Rio,2011,Crimson
2023-12-01,Bulgaria,GMC,Envoy,2006,Red
2023-03-27,Indonesia,Kia,Rondo,2008,Teal
2023-10-13,Indonesia,Mercedes-Benz,SLK-Class,2011,Teal
2023-06-25,Norway,Chevrolet,Monte Carlo,2001,Goldenrod
2023-09-02,Belarus,Lincoln,Continental,2001,Red
2023-02-11,China,Mazda,B-Series,2002,Puce
2023-10-06,Belarus,Chevrolet,Astro,1993,Aquamarine
2023-05-15,Finland,Chevrolet,Camaro,1971,Green
2023-04-18,Hungary,Buick,Park Avenue,2001,Orange
2023-09-05,Hungary,Volvo,C30,2008,Pink
2023-01-16,China,Chrysler,300,2006,Mauv
2023-08-23,Morocco,Subaru,Loyale,1991,Crimson
2023-07-29,Russia,Ford,Laser,1987,Turquoise
2023-09-20,Indonesia,Ford,Explorer,1999,Crimson
2023-07-01,Indonesia,Dodge,Viper,1993,Crimson
2023-01-09,Indonesia,GMC,Vandura G2500,1995,Khaki
2023-07-21,Russia,Mazda,Mazda3,2004,Red
2023-04-12,Afghanistan,Volvo,S80,2010,Pink
2023-09-29,Honduras,Honda,Prelude,1999,Turquoise
2023-02-20,Kazakhstan,Jeep,Grand Cherokee,2009,Violet
2023-08-31,Russia,Audi,A5,2009,Khaki
2023-03-31,Peru,Mercury,Villager,1993,Green
2023-05-05,Russia,Toyota,Camry,2007,Pink
2023-08-19,Sweden,Isuzu,Trooper,2000,Khaki
2023-04-20,Chile,Jeep,Wrangler,2008,Red
2023-06-15,Philippines,Acura,NSX,2005,Pink
2023-02-15,Argentina,Chevrolet,Suburban 2500,1997,Teal
2023-03-22,East Timor,Ford,Escort,1994,Maroon
2023-06-03,China,Land Rover,Range Rover,2001,Green
2023-06-28,Kazakhstan,Mercury,Grand Marquis,1992,Teal
2023-08-24,Peru,Mercedes-Benz,S-Class,1986,Maroon
2023-05-25,China,Infiniti,G37,2011,Khaki
2023-05-10,Mongolia,Saab,9000,1986,Aquamarine
2023-06-01,Poland,Ford,Flex,2010,Teal
2023-01-12,Mongolia,Holden,VS Commodore,1997,Mauv
2023-03-01,China,Isuzu,i-370,2007,Blue
2023-11-09,Indonesia,Acura,TL,1999,Violet
2023-04-07,Cameroon,GMC,Vandura G3500,1996,Maroon
2023-07-10,Indonesia,Jeep,Liberty,2002,Teal
2023-05-10,Uganda,Ford,Expedition,2011,Blue
2023-12-02,Sri Lanka,Maserati,Spyder,1989,Fuscia
2023-12-25,Saudi Arabia,Mercedes-Benz,R-Class,2009,Violet
2023-05-20,Indonesia,Toyota,Highlander,2012,Teal
2023-04-18,China,Volkswagen,Jetta,2006,Orange
2023-05-26,China,Acura,RL,2006,Orange
2023-10-03,Russia,Chevrolet,Camaro,1975,Blue
2023-06-11,Poland,Chevrolet,Monte Carlo,2005,Violet
2023-11-26,Poland,Chevrolet,Silverado 2500,2009,Violet
2023-10-21,Argentina,Ford,Bronco II,1986,Maroon
2023-03-30,China,BMW,M,2001,Purple
2023-12-15,Armenia,Volkswagen,Golf,2000,Indigo
2023-10-05,China,Hyundai,Elantra,2005,Teal
2023-03-23,Norway,Honda,Ridgeline,2007,Indigo
2023-07-16,Poland,Chevrolet,Lumina,1997,Maroon
2023-01-02,Mexico,Cadillac,CTS,2012,Indigo
2023-11-11,Bolivia,Audi,Q5,2012,Indigo
2023-02-20,Canada,Mazda,RX-7,1989,Blue
2023-04-06,China,Pontiac,GTO,1968,Pink
2023-01-16,France,Lexus,LS,1997,Red
2023-05-27,Brazil,Lexus,LS,2009,Red
2023-11-07,United States,Mercedes-Benz,W201,1988,Red
2023-11-16,Indonesia,Volvo,S80,2012,Teal
2023-10-25,Finland,Acura,RL,2005,Maroon
2023-03-14,Philippines,Toyota,Tacoma Xtra,1996,Khaki
2023-06-15,China,Nissan,Quest,2007,Maroon
2023-12-23,Thailand,Cadillac,SRX,2005,Blue
2023-10-16,Brazil,Chevrolet,G-Series G30,1994,Khaki
2023-11-26,China,Suzuki,XL-7,2005,Purple
2023-01-10,Tunisia,Acura,RDX,2012,Green
2023-11-23,China,Mazda,B-Series Plus,2004,Aquamarine
2023-09-24,Kazakhstan,GMC,Sierra 3500,2005,Khaki
2023-02-19,Philippines,Buick,Regal,2011,Turquoise
2023-02-16,France,BMW,1 Series,2010,Orange
2023-12-23,France,Lexus,LX,2007,Khaki
2023-06-01,Indonesia,Mazda,B-Series,1991,Khaki
2023-05-09,Mauritius,Hummer,H1,2000,Indigo
2023-02-22,Indonesia,Lotus,Esprit,1987,Aquamarine
2023-04-02,Sweden,GMC,Sonoma,1998,Orange
2023-05-28,Russia,Rolls-Royce,Phantom,2013,Mauv
2023-02-15,China,Land Rover,Range Rover,1990,Yellow
2023-04-19,China,Kia,Rio,2010,Teal
2023-02-16,Indonesia,Fiat,500,2012,Pink
2023-09-17,Malawi,Nissan,Sentra,1999,Fuscia
2023-11-06,Peru,Hyundai,Sonata,2004,Red
2023-04-01,Ireland,Lexus,GS,2013,Yellow
2023-06-01,Serbia,Audi,A4,1996,Goldenrod
2023-04-26,Thailand,Lincoln,MKS,2012,Khaki
2023-10-17,Luxembourg,Chevrolet,Tracker,1999,Violet
2023-12-05,Philippines,Pontiac,Sunbird,1988,Violet
2023-02-09,China,Volvo,C70,2012,Purple
2023-02-15,China,GMC,Savana 1500,2002,Yellow
2023-07-21,Brazil,Dodge,Ram 2500,2004,Blue
2023-02-04,China,Hyundai,Sonata,2002,Violet
2023-11-04,China,Lexus,GS,2006,Green
2023-07-05,China,Bentley,Continental GTC,2008,Mauv
2023-10-26,Argentina,GMC,Savana,2007,Indigo
2023-02-13,Croatia,Land Rover,Range Rover,2003,Green
2023-06-11,Bosnia and Herzegovina,Honda,Civic,2002,Red
2023-01-07,China,Land Rover,Freelander,2005,Indigo
2023-02-11,Costa Rica,Buick,LeSabre,1999,Khaki
2023-12-26,Philippines,Land Rover,Discovery Series II,2002,Turquoise
2023-10-04,China,Dodge,Ram 2500,1994,Red
2023-09-18,China,Chrysler,LHS,2001,Indigo
2023-06-09,Russia,Mercedes-Benz,CL65 AMG,2009,Khaki
2023-07-26,China,Kia,Rio,2012,Indigo
2023-09-20,Nicaragua,Dodge,Dakota,2008,Teal
2023-02-02,Philippines,Mitsubishi,Pajero,1985,Green
2023-11-06,France,Toyota,4Runner,1997,Khaki
2023-11-20,Finland,GMC,Yukon XL 1500,2004,Blue
2023-10-04,Palestinian Territory,Volvo,S40,2001,Orange
2023-11-16,China,Ford,Probe,1990,Orange
2023-05-24,Guatemala,Ford,Taurus,1987,Yellow
2023-08-19,France,Toyota,Xtra,1993,Crimson
2023-06-16,Portugal,Pontiac,Grand Prix,2001,Turquoise
2023-06-22,Estonia,Lexus,SC,2002,Maroon
2023-08-25,Kazakhstan,Daewoo,Nubira,2000,Aquamarine
2023-06-24,Brazil,Volkswagen,Cabriolet,1991,Khaki
2023-11-08,Indonesia,Bentley,Continental Super,2012,Indigo
2023-06-28,China,Toyota,Land Cruiser,2008,Aquamarine
2023-06-21,Brazil,Suzuki,Forenza,2006,Goldenrod
2023-07-24,Burkina Faso,Audi,S4,1994,Maroon
2023-02-17,Morocco,Mitsubishi,GTO,1993,Indigo
2023-09-22,Kenya,Lincoln,MKZ,2011,Orange
2023-07-20,Peru,Honda,Accord,2011,Indigo
2023-01-19,Finland,Chevrolet,HHR,2011,Aquamarine
2023-05-02,Zambia,Volkswagen,Touareg,2009,Fuscia
2023-04-29,Bolivia,Cadillac,Catera,2000,Yellow
2023-03-14,Brazil,Chrysler,Cirrus,1997,Turquoise
2023-12-22,China,Hyundai,Elantra,2008,Aquamarine
2023-07-01,Brazil,Mazda,MPV,2006,Violet
2023-06-07,China,Toyota,Corolla,1997,Aquamarine
2023-11-22,United Kingdom,Ford,Contour,1999,Purple
2023-08-07,China,Honda,CR-X,1984,Turquoise
2023-12-10,Dominican Republic,Ford,Crown Victoria,2001,Pink
2023-04-04,Brazil,Saab,9-7X,2008,Indigo
2023-05-07,China,GMC,Sonoma Club Coupe,1993,Mauv
2023-08-06,Angola,Toyota,Avalon,2003,Puce
2023-06-20,Indonesia,Toyota,Venza,2009,Goldenrod
2023-07-19,Russia,Hummer,H2,2008,Fuscia
2023-11-14,Philippines,Ford,E350,2004,Crimson
2023-07-24,Democratic Republic of the Congo,Chrysler,200,2012,Blue
2023-11-20,El Salvador,Mercedes-Benz,C-Class,1996,Orange
2023-03-31,Poland,Ford,Crown Victoria,2003,Goldenrod
2023-09-24,Madagascar,Ford,Tempo,1993,Indigo
2023-04-16,Burkina Faso,Chevrolet,Cobalt,2010,Khaki
2023-02-08,Indonesia,Audi,S4,2013,Goldenrod
2023-03-09,Russia,Chrysler,Crossfire,2006,Purple
2023-08-12,China,Volkswagen,GTI,1997,Violet
2023-12-02,Sweden,Audi,S6,2002,Mauv
2023-12-28,China,Volvo,C70,2010,Orange
2023-11-28,Indonesia,Bentley,Continental GT,2009,Orange
2023-01-19,Brazil,Saab,9-5,1999,Indigo
2023-12-13,Portugal,Infiniti,QX,2008,Violet
2023-03-27,France,Cadillac,Fleetwood,1994,Turquoise
2023-10-16,Indonesia,Mercedes-Benz,M-Class,2007,Purple
2023-05-19,Palestinian Territory,Ford,Thunderbird,1997,Red
2023-09-14,China,Mercedes-Benz,SLK-Class,1997,Crimson
2023-07-22,Vietnam,GMC,Sierra 3500,2010,Aquamarine
2023-03-27,El Salvador,Porsche,944,1985,Blue
2023-11-02,Indonesia,Mazda,B-Series,2004,Indigo
2023-12-05,Honduras,Mercedes-Benz,G-Class,2008,Fuscia
2023-02-20,Japan,Chevrolet,1500,1997,Indigo
2023-11-08,Argentina,Kia,Sorento,2009,Goldenrod
2023-07-03,Indonesia,Ford,Bronco,1992,Purple
2023-11-30,France,Dodge,Ram 3500,2004,Maroon
2023-12-27,Afghanistan,Ford,Escape,2000,Fuscia
2023-05-31,China,Kia,Rio,2007,Crimson
2023-09-08,China,Acura,Legend,1992,Teal
2023-03-03,Brazil,Chevrolet,2500,1994,Indigo
2023-08-11,Burundi,GMC,3500 Club Coupe,1992,Orange
2023-12-22,Indonesia,Nissan,Sentra,1995,Pink
2023-07-18,Liechtenstein,Mercedes-Benz,500SEC,1993,Crimson
2023-06-04,China,Porsche,911,1995,Orange
2023-11-15,Sweden,Chevrolet,G-Series G30,1994,Blue
2023-09-13,Yemen,BMW,760,2004,Indigo
2023-10-25,Portugal,BMW,X5 M,2013,Mauv
2023-04-22,Croatia,Kia,Amanti,2004,Turquoise
2023-02-14,Portugal,Chevrolet,Astro,1992,Mauv
2023-04-10,Peru,Suzuki,SJ 410,1984,Fuscia
2023-01-26,China,Kia,Sedona,2003,Khaki
2023-01-21,Bulgaria,Toyota,Camry Hybrid,2012,Green
2023-04-29,Morocco,Toyota,Camry,1995,Puce
2023-01-15,China,Toyota,Corolla,2009,Crimson
2023-02-28,Russia,Mitsubishi,RVR,1995,Fuscia
2023-05-16,Argentina,Volvo,S80,2006,Maroon
2023-05-08,Poland,Ford,Transit Connect,2011,Mauv
2023-10-28,China,Mitsubishi,Eclipse,1997,Orange
2023-10-09,Finland,Honda,Accord,1998,Crimson
2023-11-01,Indonesia,Audi,5000S,1985,Indigo
2023-12-03,Indonesia,Mazda,Miata MX-5,2010,Goldenrod
2023-08-12,China,Buick,LaCrosse,2010,Goldenrod
2023-04-01,Indonesia,Toyota,4Runner,2010,Blue
2023-09-14,Russia,Mercedes-Benz,GL-Class,2007,Blue
2023-05-04,Tajikistan,Volkswagen,Passat,1999,Blue
2023-04-06,Japan,Honda,del Sol,1993,Mauv
2023-03-03,Guatemala,Pontiac,Firebird,1995,Yellow
2023-04-24,Syria,Pontiac,Bonneville,2003,Yellow
2023-08-16,Thailand,Shelby,GT500,1968,Violet
2023-06-08,United States,Volkswagen,Cabriolet,1986,Crimson
2023-02-23,Afghanistan,Pontiac,Sunfire,2004,Red
2023-11-01,Japan,GMC,Sonoma Club Coupe,1996,Turquoise
2023-01-09,Indonesia,Toyota,Tundra,2004,Turquoise
2023-11-22,Russia,Pontiac,Grand Prix,1971,Pink
2023-01-28,Portugal,Nissan,Murano,2006,Violet
2023-08-27,South Korea,Saturn,Relay,2006,Blue
2023-06-04,Zimbabwe,Dodge,Durango,2002,Mauv
2023-11-09,Indonesia,Toyota,Tundra,2004,Blue
2023-07-05,Indonesia,Cadillac,Allante,1993,Violet
2023-02-16,Portugal,BMW,5 Series,1998,Teal
2023-12-06,Brazil,Nissan,Frontier,2010,Mauv
2023-10-26,China,Pontiac,Solstice,2007,Purple
2023-01-27,Egypt,Aston Martin,DB9,2005,Orange
2023-04-24,United Kingdom,Hyundai,Elantra,2010,Orange
2023-11-25,Mongolia,Pontiac,Firebird,1991,Pink
2023-05-15,China,Mazda,Miata MX-5,2008,Red
2023-10-09,Indonesia,Lotus,Esprit,1992,Teal
2023-01-07,Portugal,Toyota,Solara,2002,Purple
2023-02-05,Japan,Infiniti,G,1995,Indigo
2023-04-28,Indonesia,Mazda,MPV,2003,Mauv
2023-08-21,China,Volkswagen,GTI,2007,Goldenrod
2023-09-22,China,Lexus,GX,2009,Crimson
2023-03-13,Argentina,Mercedes-Benz,CL-Class,2011,Red
2023-07-16,China,Ford,F350,1993,Turquoise
2023-06-22,Indonesia,Ford,F350,1992,Indigo
2023-10-14,Brazil,Land Rover,Range Rover,1988,Purple
2023-06-27,Indonesia,GMC,Sierra 3500,2007,Violet
2023-10-21,Ukraine,Mercury,Mountaineer,2001,Indigo
2023-12-19,China,GMC,Savana 2500,2004,Goldenrod
2023-06-14,Russia,Mercedes-Benz,GL-Class,2011,Aquamarine
2023-03-20,Uganda,Honda,Accord,1994,Maroon
2023-05-01,Canada,Pontiac,G5,2008,Pink
2023-04-22,Poland,Pontiac,6000,1984,Indigo
2023-06-18,Mexico,Mitsubishi,Diamante,1992,Turquoise
2023-02-10,China,Jeep,Liberty,2008,Puce
2023-08-27,Russia,Acura,TL,1998,Khaki
2023-10-12,Russia,GMC,Yukon,2009,Green
2023-05-05,Morocco,Volvo,XC70,2009,Violet
2023-06-19,Russia,GMC,Yukon,1999,Violet
2023-10-31,Yemen,Mitsubishi,Raider,2009,Indigo
2023-10-30,Colombia,Scion,xB,2004,Red
2023-06-19,Philippines,Isuzu,Ascender,2005,Violet
2023-08-13,China,Pontiac,Aztek,2003,Maroon
2023-04-30,Burkina Faso,Dodge,Stratus,2002,Turquoise
2023-04-07,Sweden,Ford,Fusion,2008,Maroon
2023-09-02,Honduras,Jeep,Grand Cherokee,1993,Orange
2023-09-04,China,Mercedes-Benz,E-Class,1987,Indigo
2023-01-10,Philippines,GMC,Sierra 3500,2003,Violet
2023-05-13,Panama,BMW,325,2006,Turquoise
2023-02-12,United States,Isuzu,Space,1993,Orange
2023-07-02,China,Audi,A4,2007,Crimson
2023-04-05,Brazil,Scion,xD,2009,Goldenrod
2023-10-26,Indonesia,Isuzu,i-290,2007,Crimson
2023-06-18,Finland,Chevrolet,Silverado Hybrid,2006,Yellow
2023-11-08,Yemen,Ford,Focus,2013,Fuscia
2023-12-02,Colombia,Buick,Century,1987,Orange
2023-10-10,Mexico,GMC,Sonoma,2000,Teal
2023-09-24,Portugal,Mitsubishi,Eclipse,2004,Orange
2023-07-04,France,Ford,Crown Victoria,2007,Pink
2023-12-22,Guatemala,Peugeot,207,2006,Maroon
2023-04-25,China,Buick,LeSabre,2002,Pink
2023-06-19,France,Ford,Econoline E250,1997,Crimson
2023-03-20,Indonesia,Mitsubishi,Chariot,1993,Teal
2023-03-25,Philippines,Buick,Park Avenue,1992,Blue
2023-01-28,Indonesia,Mercedes-Benz,R-Class,2011,Pink
2023-10-05,Indonesia,Volvo,XC90,2010,Teal
2023-10-22,Russia,Acura,RDX,2012,Blue
2023-08-06,Philippines,Suzuki,SJ,1986,Green
2023-04-29,Philippines,Nissan,Armada,2005,Mauv
2023-09-03,Malta,Honda,CR-X,1988,Khaki
2023-02-07,China,Chevrolet,Camaro,1967,Red
2023-03-29,Poland,Land Rover,Range Rover,1992,Green
2023-05-09,Sweden,Pontiac,Montana,2001,Khaki
2023-10-16,Philippines,Ford,Crown Victoria,1999,Teal
2023-08-16,Sweden,Ford,E250,2004,Maroon
2023-01-25,Russia,Chevrolet,Camaro,1969,Khaki
2023-04-06,Portugal,Pontiac,Tempest,1967,Maroon
2023-08-31,China,Chevrolet,Express 1500,1999,Mauv
2023-04-08,Poland,Ford,Ranger,2002,Blue
2023-08-13,Vietnam,Volvo,V70,1998,Orange
2023-08-30,Cameroon,Toyota,Camry,1995,Blue
2023-12-18,Thailand,Toyota,RAV4,2000,Puce
2023-04-22,Portugal,Pontiac,G5,2009,Teal
2023-12-26,China,Ford,Taurus,2005,Khaki
2023-02-21,China,Nissan,Cube,2011,Puce
2023-10-03,Indonesia,Cadillac,STS,2006,Orange
2023-07-30,Poland,Cadillac,CTS,2012,Fuscia
2023-10-22,China,GMC,Savana 3500,2003,Blue
2023-07-13,Cyprus,Chevrolet,Silverado 2500,2001,Aquamarine
2023-02-15,Mexico,Ford,Mustang,1970,Yellow
2023-07-10,Philippines,Chevrolet,Suburban 2500,2008,Orange
2023-01-28,Bosnia and Herzegovina,Subaru,Legacy,2012,Aquamarine
2023-07-05,Colombia,Mazda,Miata MX-5,2007,Fuscia
2023-08-29,Brazil,Jaguar,XF,2009,Crimson
2023-05-07,Philippines,Ford,Flex,2009,Teal
2023-01-24,North Korea,Pontiac,Sunbird,1990,Mauv
2023-04-09,Croatia,Mercedes-Benz,G-Class,2009,Yellow
2023-05-28,Brazil,Shelby,GT500,1968,Red
2023-11-04,Uzbekistan,Ford,Freestar,2007,Fuscia
2023-01-04,Indonesia,Lincoln,MKZ,2009,Mauv
2023-09-23,Philippines,Mazda,Mazda3,2009,Fuscia
2023-10-07,New Zealand,Chevrolet,Suburban 1500,2006,Indigo
2023-02-07,Yemen,Plymouth,Fury,1964,Yellow
2023-08-14,Jamaica,Hyundai,Azera,2007,Indigo
2023-08-04,Portugal,Buick,Electra,1988,Green
2023-06-02,Russia,Mitsubishi,GTO,1993,Purple
2023-06-28,China,Kia,Sedona,2009,Puce
2023-01-05,China,BMW,Z8,2001,Fuscia
2023-02-26,Madagascar,Oldsmobile,Regency,1998,Yellow
2023-06-30,Croatia,Land Rover,Freelander,2005,Violet
2023-02-18,Philippines,Plymouth,Grand Voyager,1992,Yellow
2023-01-27,Thailand,Chevrolet,Silverado 3500,2004,Aquamarine
2023-11-08,Syria,Audi,Allroad,2001,Violet
2023-09-29,China,Ford,E350,2010,Green
2023-02-04,Ukraine,Lincoln,Town Car,1986,Purple
2023-11-06,Venezuela,Maserati,Spyder,2002,Pink
2023-12-12,Poland,Toyota,Camry,2005,Green
2023-09-21,Indonesia,Saab,9-3,2011,Red
2023-06-23,Indonesia,Lincoln,Mark LT,2007,Purple
2023-12-02,Ukraine,Infiniti,G37,2008,Puce
2023-05-10,Russia,Infiniti,J,1994,Maroon
2023-04-26,China,Pontiac,Grand Prix,2008,Mauv
2023-11-05,Mongolia,Buick,Regal,2003,Yellow
2023-07-29,Argentina,Volvo,S40,2005,Orange
2023-08-20,New Zealand,Pontiac,Firebird,1998,Yellow
2023-04-10,China,Scion,FR-S,2013,Turquoise
2023-09-16,Brazil,Chevrolet,Suburban 1500,2003,Blue
2023-12-28,Sri Lanka,Cadillac,Seville,2002,Turquoise
2023-10-04,Brazil,GMC,Sierra 1500,2013,Maroon
2023-05-20,Colombia,Volkswagen,Passat,2008,Pink
2023-06-18,Portugal,Hyundai,Excel,1992,Purple
2023-11-27,China,Nissan,Leaf,2011,Puce
2023-06-16,China,Nissan,Quest,2006,Indigo
2023-09-23,Czech Republic,Studebaker,Avanti,1962,Aquamarine
2023-10-14,China,Mazda,MX-5,2012,Orange
2023-03-11,Argentina,BMW,5 Series,2003,Fuscia
2023-05-15,Mexico,Mercedes-Benz,E-Class,2000,Yellow
2023-11-07,Indonesia,GMC,Savana 2500,2009,Blue
2023-10-20,Portugal,Ford,Probe,1995,Maroon
2023-07-11,Philippines,Chrysler,Town & Country,2000,Green
2023-03-13,France,Lexus,IS F,2010,Violet
2023-03-13,Indonesia,Mazda,Mazdaspeed 3,2007,Indigo
2023-10-07,China,GMC,Sierra 2500,1999,Violet
2023-02-01,Tanzania,Nissan,Pathfinder,2005,Fuscia
2023-10-07,Indonesia,Toyota,Sienna,2003,Turquoise
2023-10-01,Portugal,Nissan,Sentra,2000,Blue
2023-02-11,Japan,Chevrolet,HHR,2009,Blue
2023-11-21,Belgium,Mitsubishi,Eclipse,2010,Pink
2023-12-05,Canada,Ford,Tempo,1993,Fuscia
2023-08-05,Japan,Suzuki,XL-7,2005,Red
2023-04-17,Russia,Pontiac,Montana,2005,Yellow
2023-01-08,Indonesia,Audi,A5,2008,Crimson
2023-04-25,China,Volkswagen,Phaeton,2004,Aquamarine
2023-06-12,China,Jeep,Commander,2007,Green
2023-11-16,China,Mazda,B2600,1989,Khaki
2023-06-15,Russia,Nissan,Pathfinder,1997,Crimson
2023-09-08,Philippines,Pontiac,Safari,1989,Purple
2023-10-27,Philippines,Mercury,Sable,2001,Fuscia
2023-04-20,Indonesia,Jeep,Wrangler,2004,Khaki
2023-07-11,Brazil,Buick,Century,1984,Fuscia
2023-05-18,Bolivia,Saturn,Sky,2007,Mauv
2023-12-17,San Marino,Mercedes-Benz,SL-Class,2009,Pink
2023-01-30,China,GMC,Sierra 1500,2005,Turquoise
2023-04-27,Portugal,Chevrolet,Suburban,2007,Pink
2023-06-11,Norway,Pontiac,Firebird,1989,Fuscia
2023-03-05,Czech Republic,Nissan,Pathfinder,1997,Khaki
2023-09-26,Egypt,Suzuki,Forenza,2005,Green
2023-03-03,China,Acura,TL,2001,Yellow
2023-07-06,Sweden,Acura,CL,2001,Pink
2023-09-13,China,Audi,A4,2003,Violet
2023-01-22,Indonesia,Chevrolet,Express 3500,2005,Mauv
2023-02-10,China,Ford,Mustang,2013,Crimson
2023-12-08,China,Lexus,LS,2006,Purple
2023-02-08,Indonesia,Ford,Explorer Sport Trac,2007,Yellow
2023-09-06,Russia,Jaguar,XF,2011,Blue
2023-09-15,China,Chevrolet,Corvette,1968,Orange
2023-07-20,Philippines,Chevrolet,Suburban 1500,2009,Mauv
2023-06-29,Indonesia,Mercedes-Benz,E-Class,1985,Puce
2023-11-18,China,GMC,Envoy XL,2002,Pink
2023-05-23,China,Toyota,Land Cruiser,1998,Green
2023-11-14,China,Chevrolet,Express 2500,2010,Crimson
2023-10-24,Indonesia,Mercury,Sable,1994,Goldenrod
2023-07-04,United States,Plymouth,Colt Vista,1994,Red
2023-07-24,Nicaragua,Lexus,GX,2009,Teal
2023-09-08,Russia,Ford,Taurus,1989,Teal
2023-04-03,Greece,Toyota,Tundra,2002,Aquamarine
2023-12-19,Peru,Nissan,GT-R,2011,Indigo
2023-05-30,Philippines,Ford,Taurus,2013,Crimson
2023-09-09,Philippines,Plymouth,Laser,1991,Mauv
2023-03-05,Canada,Nissan,Sentra,2001,Puce
2023-08-13,Japan,Oldsmobile,Silhouette,1997,Yellow
2023-12-14,Japan,Chrysler,Voyager,2002,Crimson
2023-11-15,France,Maserati,Biturbo,1984,Violet
2023-04-09,Peru,Land Rover,Range Rover,2000,Mauv
2023-06-08,Indonesia,Ford,GT,2006,Mauv
2023-05-10,Azerbaijan,Volvo,S80,2007,Fuscia
2023-01-17,France,GMC,3500 Club Coupe,1997,Aquamarine
2023-06-03,Sweden,Ford,Mustang,1973,Puce
2023-11-08,China,Toyota,Tacoma Xtra,1997,Blue
2023-10-19,Russia,Jaguar,XF,2010,Green
2023-10-02,Panama,Eagle,Premier,1992,Blue
2023-09-10,Costa Rica,Volkswagen,Touareg,2009,Turquoise
2023-02-28,Tunisia,Infiniti,G35,2007,Pink
2023-02-22,China,Geo,Prizm,1992,Violet
2023-11-19,China,Mitsubishi,Mirage,2000,Crimson
2023-06-20,China,Lexus,LS,1993,Orange
2023-03-16,China,Toyota,MR2,1985,Violet
2023-01-11,Mexico,Mercury,Lynx,1985,Purple
2023-10-11,Pakistan,Chevrolet,Express 3500,1996,Pink
2023-07-04,China,Honda,Civic,1980,Indigo
2023-07-25,Philippines,Mercedes-Benz,SL-Class,1994,Yellow
2023-02-13,Brazil,Audi,A4,2012,Orange
2023-10-28,China,Ford,Escape,2005,Indigo
2023-08-20,Poland,Maserati,Quattroporte,2009,Green
2023-11-05,Belarus,BMW,M6,2010,Pink
2023-09-27,Kenya,Nissan,350Z,2005,Goldenrod
2023-05-05,Madagascar,Citroën,CX,1989,Turquoise
2023-04-29,France,Volvo,S40,2011,Teal
2023-12-02,Albania,Audi,S8,2002,Blue
2023-07-22,Myanmar,GMC,Jimmy,1998,Violet
2023-10-06,China,Pontiac,Vibe,2009,Yellow
2023-11-30,China,Infiniti,EX,2012,Puce
2023-02-25,China,Suzuki,Grand Vitara,1999,Maroon
2023-12-02,China,Chrysler,Cirrus,1997,Orange
2023-04-08,France,Mazda,MX-5,2008,Orange
2023-03-03,Czech Republic,Mitsubishi,Eclipse,1989,Khaki
2023-11-21,France,GMC,Canyon,2006,Mauv
2023-04-21,China,Audi,S4,2011,Indigo
2023-12-10,Indonesia,Mercedes-Benz,600SL,1993,Mauv
2023-07-27,Kazakhstan,Dodge,Ram Van 1500,2000,Fuscia
2023-07-08,Poland,Volkswagen,Type 2,1990,Blue
2023-08-25,China,Ford,Taurus X,2009,Khaki
2023-12-24,Mexico,Chevrolet,HHR,2007,Khaki
2023-01-11,Czech Republic,Lamborghini,Diablo,1993,Blue
2023-05-15,Indonesia,Ford,Ranger,2011,Aquamarine
2023-10-18,Argentina,Nissan,Versa,2010,Indigo
2023-03-01,Panama,Ford,Econoline E150,1997,Goldenrod
2023-11-13,Colombia,Mitsubishi,Lancer,2008,Blue
2023-08-23,Indonesia,Volkswagen,Scirocco,1986,Goldenrod
2023-03-03,France,Cadillac,DeVille,2003,Goldenrod
2023-05-23,Philippines,Mazda,929,1987,Maroon
2023-02-17,Greece,Spyker,C8,2007,Green
2023-07-26,Uganda,Chevrolet,Camaro,1968,Teal
2023-03-28,Ukraine,Lexus,SC,1993,Green
2023-02-04,Greece,Ford,Windstar,1999,Maroon
2023-10-28,China,Maserati,228,1990,Khaki
2023-03-01,China,GMC,Yukon XL 1500,2008,Crimson
2023-05-13,Croatia,Ford,Ranger,1992,Purple
2023-12-08,Yemen,Subaru,Outback,2012,Khaki
2023-03-13,Portugal,Dodge,Ram,2003,Goldenrod
2023-03-25,China,Mitsubishi,Challenger,1999,Goldenrod
2023-12-01,Sudan,GMC,Envoy XL,2005,Violet
2023-03-07,Russia,Chevrolet,Lumina APV,1993,Fuscia
2023-12-28,Serbia,Aston Martin,V12 Vantage,2011,Violet
2023-11-30,China,Spyker,C8 Spyder Wide Body,2004,Khaki
2023-12-21,Greece,Hyundai,Genesis,2009,Teal
2023-10-04,Sweden,Buick,LeSabre,1998,Khaki
2023-04-15,Philippines,Ford,F-Series Super Duty,2009,Pink
2023-11-12,China,Ford,Lightning,1994,Purple
2023-04-30,Germany,Lexus,RX,2005,Goldenrod
2023-10-11,Azerbaijan,Plymouth,Voyager,1994,Pink
2023-03-06,Costa Rica,Buick,Skyhawk,1987,Blue
2023-07-03,Afghanistan,Mitsubishi,Galant,2008,Violet
2023-10-05,France,Buick,Regal,1985,Aquamarine
2023-07-20,Egypt,BMW,3 Series,2009,Orange
2023-09-28,Poland,Chevrolet,Tahoe,2012,Crimson
2023-07-16,Indonesia,Audi,A4,2011,Goldenrod
2023-05-25,Peru,Volvo,XC70,2012,Blue
2023-12-18,Philippines,Mitsubishi,3000GT,1998,Orange
2023-01-02,Russia,Chevrolet,3500,1998,Teal
2023-04-26,United States,Rolls-Royce,Phantom,2007,Purple
2023-11-30,Colombia,Cadillac,Catera,2001,Crimson
2023-09-08,Thailand,Hyundai,Accent,1996,Crimson
2023-12-13,China,Ford,E-Series,1995,Maroon
2023-02-07,China,Ford,Bronco II,1987,Pink
2023-04-06,Vietnam,GMC,Vandura 1500,1992,Violet
2023-10-27,Brazil,Toyota,Camry,2000,Maroon
2023-03-26,China,GMC,Sierra Hybrid,2006,Red
2023-02-21,China,Subaru,Justy,1993,Red
2023-12-23,Mexico,Mitsubishi,3000GT,1998,Fuscia
2023-10-05,Palestinian Territory,Nissan,Maxima,2004,Indigo
2023-01-25,Iran,GMC,Vandura 3500,1994,Teal
2023-03-04,Dominican Republic,Pontiac,GTO,1967,Maroon
2023-09-02,Brazil,Audi,Q7,2012,Blue
2023-08-30,Poland,Ford,Courier,1988,Crimson
2023-09-24,China,Acura,Vigor,1993,Green
2023-07-27,Philippines,Honda,Accord,1999,Khaki
2023-07-01,Luxembourg,Honda,Civic,2010,Maroon
2023-01-04,Indonesia,Porsche,911,2007,Pink
2023-01-17,Moldova,Mazda,Tribute,2011,Red
2023-12-07,Samoa,Volvo,C30,2013,Violet
2023-02-14,Poland,Hyundai,Santa Fe,2001,Purple
2023-03-10,Nigeria,Buick,Somerset,1987,Pink
2023-04-18,United States,Kia,Sportage,2000,Red
2023-01-03,Portugal,BMW,X6,2012,Maroon
2023-03-12,China,Mercedes-Benz,R-Class,2012,Green
2023-02-04,China,Chrysler,New Yorker,1993,Crimson
2023-09-29,Japan,Dodge,Ram Van 3500,1995,Khaki
2023-12-23,China,Lincoln,Town Car,1989,Green
2023-09-13,Czech Republic,BMW,530,2004,Violet
2023-10-17,Japan,Nissan,Quest,2007,Green
2023-05-12,Portugal,Honda,Odyssey,2004,Red
2023-11-23,China,Spyker,C8,2006,Indigo
2023-08-26,Russia,Buick,LeSabre,1997,Puce
2023-10-22,Mozambique,Mitsubishi,Montero,2000,Maroon
2023-02-26,Martinique,Pontiac,Bonneville,1995,Goldenrod
2023-06-20,Brazil,Audi,S5,2012,Blue
2023-09-10,Greece,Honda,Passport,1996,Goldenrod
2023-05-20,China,Ford,Probe,1993,Crimson
2023-02-13,Philippines,Mercury,Mountaineer,2004,Orange
2023-03-17,China,Dodge,Intrepid,1997,Mauv
2023-04-07,Czech Republic,Pontiac,Vibe,2010,Goldenrod
2023-10-28,Thailand,Toyota,Avalon,2004,Maroon
2023-02-07,Indonesia,Ford,Fairlane,1966,Blue
2023-02-17,Russia,Nissan,Armada,2009,Yellow
2023-06-07,China,Hyundai,Sonata,1992,Aquamarine
2023-10-04,Slovenia,Mazda,929,1989,Puce
2023-08-19,China,Audi,S8,2007,Puce
2023-01-28,Poland,Mercedes-Benz,CLS-Class,2008,Violet
2023-08-11,Chile,GMC,Sierra 2500,2005,Purple
2023-11-26,Azerbaijan,Hyundai,Tucson,2006,Green
2023-07-24,China,Chrysler,300,2008,Teal
2023-05-05,Indonesia,Suzuki,Swift,1991,Puce
2023-05-28,Philippines,Chevrolet,Camaro,2002,Orange
2023-05-08,Poland,GMC,Canyon,2004,Puce
2023-02-21,Philippines,Ford,E350,2011,Maroon
2023-06-30,Mayotte,Mercury,Tracer,1999,Violet
2023-07-03,Macedonia,Oldsmobile,98,1992,Blue
2023-08-18,Japan,Mercedes-Benz,SL-Class,1996,Green
2023-09-02,China,Ford,Mustang,1985,Crimson
2023-07-09,Portugal,Audi,A3,2011,Purple
2023-03-22,Slovenia,Audi,S6,2009,Yellow
2023-01-12,Denmark,Pontiac,Bonneville,2003,Blue
2023-01-09,Russia,Lincoln,Town Car,2010,Pink
2023-06-26,Philippines,Toyota,TundraMax,2007,Fuscia
2023-05-10,Russia,Suzuki,Equator,2011,Indigo
2023-11-20,China,Bentley,Continental,2010,Pink
2023-12-10,Philippines,Volkswagen,Golf,2010,Red
2023-07-15,Thailand,Mercedes-Benz,C-Class,1998,Maroon
2023-08-05,China,Lincoln,Continental,1992,Blue
2023-05-19,United States,Nissan,350Z,2009,Khaki
2023-12-23,China,GMC,Savana 3500,2007,Blue
2023-01-22,Antigua and Barbuda,Dodge,Ram Van B250,1992,Pink
2023-06-14,United States,Volkswagen,Cabriolet,1995,Teal
2023-10-07,China,Toyota,Celica,1997,Puce
2023-07-23,Indonesia,Toyota,Tundra,2011,Fuscia
2023-04-16,Kazakhstan,Pontiac,Grand Prix,1974,Indigo
2023-07-30,Zimbabwe,Saab,900,1990,Crimson
2023-01-20,China,Mercedes-Benz,SL-Class,1986,Yellow
2023-08-25,Madagascar,Acura,RL,2006,Turquoise
2023-07-30,Bosnia and Herzegovina,Acura,NSX,1996,Violet
2023-03-21,Brazil,Aston Martin,Rapide,2011,Khaki
2023-04-01,China,Aston Martin,V8 Vantage,2012,Teal
2023-01-14,Poland,Mitsubishi,Galant,2007,Green
2023-05-21,China,Porsche,Cayman,2011,Red
2023-08-28,Pakistan,Mercedes-Benz,S-Class,2007,Purple
2023-09-15,Brazil,Volkswagen,GTI,2008,Violet
2023-05-18,Afghanistan,Lincoln,Continental,1988,Red
2023-09-04,Bosnia and Herzegovina,Suzuki,Reno,2005,Red
2023-04-02,Portugal,Buick,Electra,1987,Yellow
2023-10-09,Czech Republic,Lamborghini,Murciélago,2003,Blue
2023-06-27,Cameroon,Jaguar,XJ Series,1997,Blue
2023-04-01,Portugal,GMC,Vandura 1500,1992,Orange
2023-12-12,Iraq,Lexus,SC,1996,Mauv
2023-04-26,Argentina,Hyundai,Accent,2004,Puce
2023-06-16,Netherlands,Cadillac,Escalade ESV,2010,Red
2023-08-29,Albania,BMW,600,1957,Crimson
2023-02-22,United States,Chevrolet,Lumina,1992,Puce
2023-11-04,Indonesia,Jaguar,XJ Series,1992,Crimson
2023-03-25,Brazil,Toyota,Tundra,2005,Blue
2023-12-11,United Arab Emirates,Lexus,ES,2005,Khaki
2023-08-17,Brazil,Chrysler,Town & Country,1999,Red
2023-11-18,Russia,Toyota,Avalon,2001,Teal
2023-05-26,Russia,Kia,Sportage,1997,Orange
2023-11-25,France,Lexus,LS,1997,Turquoise
2023-09-16,Peru,Chevrolet,Express 3500,1999,Turquoise
2023-08-17,Indonesia,Kia,Sedona,2007,Crimson
2023-10-15,Madagascar,Cadillac,Escalade,2007,Green
2023-01-16,China,Mazda,626,1988,Turquoise
2023-09-09,Israel,Oldsmobile,Cutlass Supreme,1996,Mauv
2023-12-24,Sweden,Mercury,Grand Marquis,1995,Yellow
2023-11-10,China,Chrysler,New Yorker,1994,Red
2023-10-15,Thailand,Pontiac,Grand Am,1987,Pink
2023-08-31,China,Porsche,Cayman,2009,Maroon
2023-12-14,Peru,Lexus,RX,2009,Goldenrod
2023-08-16,France,Pontiac,Grand Prix,1987,Indigo
2023-04-01,China,BMW,3 Series,2007,Red
2023-03-31,Honduras,Chevrolet,Astro,1996,Green
2023-10-27,Russia,Land Rover,Discovery Series II,2001,Pink
2023-12-30,Sweden,Dodge,Viper,2009,Teal
2023-11-09,Indonesia,Volvo,S60,2003,Khaki
2023-11-28,United States,Ford,F-Series,1995,Khaki
2023-12-22,China,Ferrari,458 Italia,2010,Indigo
2023-04-17,United States,Mazda,MPV,2003,Aquamarine
2023-06-13,Indonesia,Audi,A4,2009,Orange
2023-05-18,China,Pontiac,Grand Prix,1994,Violet
2023-09-02,Sweden,Cadillac,Fleetwood,1996,Teal
2023-06-02,Indonesia,Mazda,Millenia,1996,Goldenrod
2023-09-24,China,Plymouth,Laser,1991,Crimson
2023-04-05,Russia,GMC,3500,1998,Pink
2023-09-30,Guatemala,Volkswagen,Cabriolet,1993,Pink
2023-02-26,Venezuela,Acura,NSX,1993,Teal
2023-06-29,Ukraine,Chevrolet,Astro,2000,Khaki
2023-02-09,Honduras,Lincoln,Navigator,2008,Purple
2023-11-03,Armenia,Mazda,RX-7,1993,Yellow
2023-05-30,Iraq,Acura,MDX,2005,Indigo
2023-05-28,Philippines,Dodge,Ram 2500 Club,1999,Red
2023-07-16,Brazil,GMC,Yukon XL 1500,2002,Indigo
2023-10-13,Indonesia,Ford,Mustang,2006,Khaki
2023-07-24,Armenia,GMC,Sierra 2500,2010,Red
2023-05-11,Serbia,Acura,TL,2011,Goldenrod
2023-04-02,Brazil,Toyota,Celica,1994,Fuscia
2023-11-17,France,Mazda,B-Series,2006,Fuscia
2023-03-12,Armenia,Hyundai,Accent,2005,Orange
2023-01-03,Ukraine,Volvo,S60,2003,Blue
2023-10-05,Peru,Mazda,Protege,1995,Khaki
2023-12-29,Costa Rica,Plymouth,Laser,1989,Indigo
2023-01-21,Gambia,GMC,Yukon XL 2500,2006,Teal
2023-08-16,China,Lincoln,MKZ,2010,Maroon
2023-04-02,Canada,Dodge,Caliber,2008,Indigo
2023-05-26,Philippines,Chrysler,Crossfire,2004,Pink
2023-06-25,Brazil,Chevrolet,Corvette,2007,Turquoise
2023-04-03,Russia,Dodge,Ram 1500,2008,Purple
2023-12-23,Israel,Subaru,XT,1990,Fuscia
2023-10-13,China,Mazda,Familia,1992,Teal
2023-01-02,Indonesia,Dodge,Ram 1500,2007,Mauv
2023-03-14,China,Volkswagen,Passat,1995,Green
2023-07-26,Indonesia,Ford,Crown Victoria,2009,Fuscia
2023-05-04,Japan,Mitsubishi,RVR,1992,Puce
2023-01-19,China,Ford,Ranger,2008,Pink
2023-05-14,Sweden,Land Rover,Defender,1993,Orange
2023-04-22,Colombia,Ford,Ranger,2007,Fuscia
2023-11-04,China,Audi,TT,2009,Khaki
2023-03-12,Canada,Scion,xA,2006,Yellow
2023-07-20,Czech Republic,Cadillac,DTS,2006,Aquamarine
2023-03-30,France,Dodge,Grand Caravan,2009,Indigo
2023-03-17,China,Hyundai,Accent,2012,Fuscia
2023-03-25,China,Kia,Spectra,2001,Pink
2023-10-17,China,Lincoln,Navigator,2002,Indigo
2023-03-21,United States,Buick,Century,1999,Yellow
2023-06-20,Guyana,Chrysler,Town & Country,2010,Green
2023-10-13,France,Audi,TT,2012,Blue
2023-07-29,Bosnia and Herzegovina,Tesla,Roadster,2012,Blue
2023-06-06,Indonesia,Ford,Econoline E150,2000,Green
2023-11-06,Sweden,Saturn,VUE,2009,Crimson
2023-05-13,Indonesia,Mazda,929,1991,Purple
2023-02-05,Chile,Cadillac,Fleetwood,1995,Maroon
2023-12-27,Russia,Audi,100,1991,Indigo
2023-05-13,Indonesia,Mercury,Montego,2007,Goldenrod
2023-07-18,Portugal,Mazda,B-Series,2001,Fuscia
2023-10-18,Russia,Honda,CR-V,2004,Aquamarine
2023-03-04,Myanmar,Mercury,Cougar,1970,Goldenrod
2023-05-10,Mexico,Lincoln,Town Car,1999,Orange
2023-06-27,Guinea-Bissau,Rolls-Royce,Ghost,2010,Indigo
2023-12-18,Greece,Volkswagen,Passat,2012,Maroon
2023-01-06,Sweden,GMC,Canyon,2011,Crimson
2023-10-27,France,Suzuki,SJ,1985,Maroon
2023-03-17,China,Toyota,MR2,2004,Green
2023-07-14,Indonesia,Honda,Odyssey,2003,Crimson
2023-02-08,China,Kia,Sorento,2005,Indigo
2023-12-01,Germany,Volkswagen,Eos,2010,Fuscia
2023-11-11,Indonesia,Mercedes-Benz,S-Class,1986,Mauv
2023-10-26,China,Audi,V8,1994,Goldenrod
2023-04-13,France,Mercury,Sable,1999,Yellow
2023-09-28,China,BMW,330,2006,Red
2023-11-22,Jamaica,Chevrolet,Silverado,2011,Aquamarine
2023-10-08,China,GMC,Sierra 3500,2009,Crimson
2023-01-26,China,Cadillac,Escalade ESV,2006,Maroon
2023-05-11,Poland,Saab,9000,1990,Blue
2023-12-12,South Africa,Chevrolet,Tracker,2000,Puce
2023-09-28,China,Ford,Thunderbird,1958,Blue
2023-07-18,China,Ram,2500,2011,Puce
2023-06-16,Tunisia,Porsche,Boxster,1997,Purple
2023-01-06,Russia,Nissan,Titan,2012,Aquamarine
2023-03-04,Czech Republic,Ford,Tempo,1985,Indigo
2023-08-13,Indonesia,Isuzu,Oasis,1999,Orange
2023-10-08,China,MINI,Cooper,2006,Red
2023-10-03,Peru,Chevrolet,Malibu,1997,Red
2023-04-05,Liberia,Ferrari,F430,2007,Pink
2023-09-05,Venezuela,Infiniti,Q,2001,Maroon
2023-03-15,Indonesia,Chrysler,LHS,1996,Aquamarine
2023-07-28,Mexico,Toyota,Sienna,1998,Pink
2023-10-26,Indonesia,GMC,Savana 3500,2008,Green
2023-10-29,Haiti,GMC,Envoy XUV,2005,Turquoise
2023-05-30,China,Infiniti,G37,2012,Khaki
2023-05-27,Indonesia,Saturn,S-Series,1997,Pink
2023-03-30,Indonesia,Dodge,Ram 3500,2009,Indigo
2023-09-12,Uzbekistan,Infiniti,I,1999,Orange
2023-03-31,United States,BMW,7 Series,2004,Indigo
2023-05-20,Russia,Mitsubishi,Eclipse,2000,Crimson
2023-01-25,Zambia,Ford,Econoline E150,1993,Aquamarine
2023-02-23,Thailand,BMW,3 Series,2007,Mauv
2023-10-08,Russia,Lincoln,Continental,1997,Yellow
2023-04-13,Peru,Nissan,Versa,2011,Violet
2023-11-28,Germany,Volvo,S60,2011,Green
2023-12-27,China,Nissan,Sentra,1991,Yellow
2023-10-17,United States,Oldsmobile,Cutlass Supreme,1996,Puce
2023-02-15,Argentina,Nissan,Quest,2006,Goldenrod
2023-07-02,Sweden,Chevrolet,Impala,2010,Yellow
2023-02-11,Colombia,Mitsubishi,Endeavor,2009,Yellow
2023-12-17,Philippines,Mercedes-Benz,S-Class,2007,Indigo
2023-02-21,Yemen,Infiniti,M,2011,Crimson
2023-06-04,Indonesia,Toyota,Land Cruiser,1993,Violet
2023-12-01,Finland,Dodge,Grand Caravan,2008,Pink
2023-08-05,Bulgaria,Mazda,Familia,1991,Goldenrod
2023-08-11,China,Dodge,Ram Van B150,1994,Orange
2023-01-02,Indonesia,Kia,Forte,2010,Maroon
2023-06-14,Portugal,Mercedes-Benz,CLS-Class,2007,Red
2023-06-25,Russia,Subaru,Tribeca,2010,Fuscia
2023-08-27,Greece,Ford,F150,2000,Green
2023-05-11,Portugal,Toyota,Camry,2006,Turquoise
2023-07-13,China,Mercury,Grand Marquis,2000,Green
2023-04-21,Ireland,GMC,Yukon,2001,Fuscia
2023-08-07,Yemen,Mitsubishi,Mirage,1990,Aquamarine
2023-06-15,Chile,Pontiac,Tempest,1967,Orange
2023-10-16,Portugal,Dodge,Dakota,2001,Goldenrod
2023-08-20,United States,Oldsmobile,Ciera,1992,Violet
2023-01-19,Japan,GMC,Savana,2007,Blue
2023-03-22,Indonesia,Volvo,C70,1998,Aquamarine
2023-05-08,Myanmar,Chevrolet,1500,1993,Teal
2023-11-18,China,Chrysler,300,2010,Crimson
2023-06-23,France,Suzuki,SJ,1995,Fuscia
2023-01-23,Poland,Buick,Regal,2004,Blue
2023-03-21,Indonesia,Ford,E350,2003,Green
2023-06-28,Indonesia,Kia,Spectra,2000,Blue
2023-11-01,Philippines,Ram,3500,2012,Purple
2023-02-24,Libya,Oldsmobile,Silhouette,2002,Fuscia
2023-08-30,Thailand,Chevrolet,Monte Carlo,2003,Orange
2023-10-31,United States,Lexus,GS,1998,Khaki
2023-07-19,China,Mercedes-Benz,S-Class,1988,Pink
2023-08-17,Iran,Mercedes-Benz,M-Class,2006,Pink
2023-06-22,Russia,Chevrolet,Silverado 2500,2006,Fuscia
2023-05-29,Kosovo,Audi,S4,2006,Maroon
2023-07-15,Philippines,Pontiac,Fiero,1985,Red
2023-08-21,Estonia,Land Rover,Range Rover,1990,Green
2023-06-24,Russia,Nissan,Quest,2006,Aquamarine
2023-12-19,China,Hummer,H1,1993,Khaki
2023-02-15,Indonesia,Kia,Forte,2011,Turquoise
2023-09-30,Portugal,Infiniti,Q,2006,Green
2023-07-13,China,Toyota,Tacoma,2010,Blue
2023-06-13,Russia,Chevrolet,G-Series G20,1994,Goldenrod
2023-04-03,United States,Dodge,Caravan,2000,Fuscia
2023-02-12,Ukraine,Pontiac,Parisienne,1984,Khaki
2023-08-10,Mexico,Honda,CR-V,2009,Crimson
2023-01-09,China,Nissan,Quest,1999,Orange
2023-07-02,China,Mercedes-Benz,SLR McLaren,2007,Yellow
2023-11-21,China,Lamborghini,Murciélago,2003,Aquamarine
2023-03-10,United States,Kia,Mohave/Borrego,2009,Teal
2023-09-29,Nicaragua,Pontiac,Safari,1988,Crimson
2023-07-21,China,Chevrolet,Camaro,1992,Mauv
2023-06-13,Russia,Volkswagen,Cabriolet,1988,Yellow
2023-04-28,Afghanistan,Subaru,Legacy,2004,Red
2023-07-22,Canada,Nissan,Xterra,2004,Pink
2023-01-08,Indonesia,GMC,Savana 1500,2004,Orange
2023-11-08,Portugal,Audi,S4,2010,Purple
2023-03-17,Peru,Buick,Park Avenue,1995,Turquoise
2023-12-13,China,Cadillac,XLR-V,2006,Khaki
2023-06-25,Portugal,Bentley,Brooklands,2009,Goldenrod
2023-07-16,Ukraine,Porsche,944,1984,Red
2023-08-11,United States,Cadillac,Eldorado,1995,Mauv
2023-01-08,Mexico,Aston Martin,DB9,2010,Fuscia
2023-02-14,China,Lotus,Elise,2006,Blue
2023-04-15,China,GMC,Sonoma,1997,Pink
2023-11-17,Palestinian Territory,Chevrolet,Corvette,1968,Khaki
2023-06-09,Bhutan,Ford,Tempo,1988,Red
2023-01-03,Poland,Ford,Bronco II,1990,Violet
2023-10-10,Nigeria,Chevrolet,2500,1992,Khaki
2023-05-28,China,Mazda,Mazda6,2006,Crimson
2023-10-29,Mexico,Chevrolet,Corvette,2012,Blue
2023-10-08,China,Volvo,V50,2008,Orange
2023-03-19,Poland,Pontiac,Firefly,1984,Red
2023-01-23,Philippines,Pontiac,Grand Prix,1974,Red
2023-08-07,Thailand,Bentley,Continental Flying Spur,2009,Yellow
2023-10-23,Greece,Toyota,Sienna,2004,Turquoise
2023-05-24,China,Lincoln,Mark VIII,1998,Crimson
2023-08-20,Canada,GMC,1500,1998,Mauv
2023-04-12,Russia,GMC,Yukon XL 1500,2013,Turquoise
2023-10-14,Indonesia,Chevrolet,1500,1996,Aquamarine
2023-10-31,Peru,MINI,Clubman,2009,Puce
2023-12-12,China,Toyota,Corolla,1996,Turquoise
2023-01-11,Indonesia,Porsche,944,1987,Violet
2023-03-12,Poland,Isuzu,Space,1992,Red
2023-02-09,Peru,Chevrolet,HHR Panel,2006,Indigo
2023-12-18,Greece,Chevrolet,Silverado 1500,2006,Pink
2023-01-05,Indonesia,BMW,3 Series,2003,Purple
2023-10-15,Slovenia,Buick,LeSabre,1990,Goldenrod
2023-04-29,Uganda,Mercedes-Benz,S-Class,2011,Red
2023-09-02,Poland,Volvo,940,1995,Maroon
2023-11-22,Ukraine,Volkswagen,Golf,1985,Crimson
2023-06-27,Indonesia,Audi,S5,2009,Goldenrod
2023-09-03,Philippines,Ford,Excursion,2005,Puce
2023-12-18,Russia,Mazda,323,1993,Turquoise
2023-12-20,China,Volvo,C70,2007,Teal
2023-12-16,Greece,Nissan,Pathfinder,1999,Puce
2023-04-25,China,Lexus,LS,1991,Violet
2023-04-23,Madagascar,Nissan,Armada,2005,Teal
2023-08-24,China,Volkswagen,New Beetle,1998,Orange
2023-11-26,Ireland,GMC,Yukon,2012,Khaki
2023-10-29,China,Ferrari,612 Scaglietti,2007,Teal
2023-01-24,Russia,Scion,xB,2011,Yellow
2023-10-20,Colombia,Mercedes-Benz,E-Class,1993,Yellow
2023-05-20,Indonesia,Nissan,300ZX,1996,Aquamarine
2023-05-30,Russia,Hyundai,Accent,1996,Green
2023-05-16,China,Mitsubishi,Diamante,1992,Orange
2023-09-11,Indonesia,Saturn,VUE,2009,Orange
2023-08-27,United States,Kia,Spectra,2000,Crimson
2023-01-03,Saint Kitts and Nevis,Ford,Expedition,1997,Goldenrod
2023-07-12,Dominican Republic,Mercedes-Benz,GLK-Class,2011,Mauv
2023-10-05,Guatemala,Dodge,D250,1993,Blue
2023-04-04,France,Chevrolet,Corvette,1965,Maroon
2023-12-09,Chile,Pontiac,Grand Prix,1986,Mauv
2023-02-14,Tajikistan,Honda,Pilot,2008,Yellow
2023-03-08,Peru,GMC,1500 Club Coupe,1997,Indigo
2023-06-30,Kazakhstan,Ford,Escort,2001,Turquoise
2023-07-24,China,Chevrolet,Suburban 2500,1994,Purple
2023-07-29,China,Hummer,H2,2008,Orange
2023-05-07,Greece,Pontiac,G8,2008,Aquamarine
2023-06-12,Canada,Honda,S2000,2008,Turquoise
2023-01-19,Czech Republic,Isuzu,Trooper,1996,Turquoise
2023-08-13,Argentina,Pontiac,Firebird,1990,Yellow
2023-08-19,Portugal,GMC,1500,1995,Indigo
2023-04-08,Kazakhstan,Audi,A8,2002,Pink
2023-02-27,China,Nissan,GT-R,2009,Puce
2023-02-18,Serbia,Mercedes-Benz,W126,1981,Violet
2023-05-26,Mongolia,Infiniti,I,2000,Violet
2023-06-22,Indonesia,Ford,E250,2012,Crimson
2023-05-06,Indonesia,Toyota,FJ Cruiser,2009,Orange
2023-11-23,Nigeria,GMC,Suburban 1500,1992,Mauv
2023-02-08,Indonesia,Porsche,911,1989,Turquoise
2023-06-20,Dominican Republic,Land Rover,Discovery,2011,Blue
2023-11-02,Indonesia,BMW,X6,2009,Fuscia
2023-07-15,Norway,Toyota,Camry,2005,Mauv
2023-08-10,France,Toyota,Yaris,2010,Pink
2023-07-16,Colombia,Nissan,Quest,1999,Violet
2023-05-04,Indonesia,Nissan,Pathfinder,2010,Turquoise
2023-06-08,China,Audi,90,1989,Fuscia
2023-11-11,Japan,Chevrolet,HHR,2009,Violet
2023-05-06,United States,Mitsubishi,Mirage,1998,Crimson
2023-01-11,Vietnam,GMC,Acadia,2010,Teal
2023-04-13,Poland,Volkswagen,New Beetle,2010,Blue
2023-01-25,China,Audi,TT,2010,Fuscia
2023-04-12,Croatia,Toyota,Supra,1993,Green
2023-03-07,Bolivia,Mercury,Mariner,2011,Green
2023-11-12,Czech Republic,Acura,TL,2003,Violet
2023-10-24,China,Ford,F250,1996,Yellow
2023-04-13,Japan,Chevrolet,Corvette,1972,Violet
2023-08-03,China,Mitsubishi,Montero,1992,Fuscia
2023-11-12,Thailand,Chevrolet,Cobalt SS,2008,Pink
2023-02-11,China,Isuzu,Trooper,2001,Pink
2023-03-16,Sweden,GMC,Suburban 1500,1998,Pink
2023-06-22,China,Mercedes-Benz,SL-Class,1990,Indigo
2023-03-14,Russia,Pontiac,Firebird Trans Am,1986,Green
2023-11-09,Thailand,Chevrolet,Camaro,1996,Puce
2023-12-13,Indonesia,Mitsubishi,Pajero,1991,Yellow
2023-05-02,Canada,GMC,Sierra 1500,2004,Orange
2023-03-16,Trinidad and Tobago,Jeep,Wrangler,1998,Yellow
2023-05-28,New Zealand,Dodge,Ram Van 3500,2003,Turquoise
2023-04-06,China,Lexus,LS,1993,Maroon
2023-09-03,Canada,Subaru,Outback,2008,Mauv
2023-10-16,China,BMW,X5 M,2013,Fuscia
2023-07-21,Poland,GMC,Rally Wagon 2500,1994,Purple
2023-03-14,Japan,Ram,2500,2011,Pink
2023-03-15,Brazil,GMC,1500,1996,Maroon
2023-11-30,China,Subaru,Impreza,2010,Green
2023-12-11,China,Chevrolet,Suburban 1500,1996,Pink
2023-04-11,Canada,Infiniti,QX,2012,Khaki
2023-10-01,China,Ford,Club Wagon,1993,Maroon
2023-05-06,China,Suzuki,Swift,1987,Indigo
2023-01-15,United States,Saturn,Outlook,2008,Indigo
2023-10-14,China,Ford,E-Series,1988,Violet
2023-08-03,Portugal,Kia,Sorento,2006,Red
2023-01-11,Sweden,Chevrolet,Sportvan G20,1994,Mauv
2023-04-02,China,Mazda,Protege,1999,Fuscia
2023-09-28,China,Suzuki,Grand Vitara,2000,Orange
2023-12-09,China,Mazda,929,1989,Khaki
2023-04-10,Thailand,Lincoln,Mark VII,1984,Teal
2023-01-06,China,Ford,F-Series,2003,Turquoise
2023-09-07,Finland,Subaru,Baja,2005,Fuscia
2023-02-19,United Arab Emirates,Volvo,960,1997,Yellow
2023-08-14,Portugal,Chevrolet,Silverado 3500,2011,Blue
2023-05-20,South Korea,Chevrolet,Equinox,2011,Khaki
2023-12-24,Canada,Subaru,Legacy,2005,Puce
2023-06-29,China,Pontiac,Grand Prix,1973,Indigo
2023-05-31,China,Chevrolet,Silverado 2500,2010,Violet
2023-11-24,Philippines,Mercury,Topaz,1988,Blue
2023-05-28,Japan,GMC,Savana 3500,1998,Purple
2023-01-17,Vietnam,BMW,745,2005,Purple
2023-09-07,Portugal,Mitsubishi,RVR,1992,Indigo
2023-05-20,Croatia,Pontiac,Bonneville,1968,Aquamarine
2023-11-15,Sweden,Ford,Mustang,2001,Fuscia
2023-04-04,Poland,Suzuki,XL-7,2007,Indigo
2023-12-05,Russia,Jaguar,XJ Series,2005,Puce
2023-02-13,Libya,Buick,Park Avenue,1997,Teal
2023-02-02,Canada,Volkswagen,Touareg,2004,Teal
2023-04-28,Thailand,Mitsubishi,Montero,1995,Orange
2023-04-21,Indonesia,Chevrolet,Silverado,2007,Crimson
2023-07-01,Panama,Volkswagen,R32,2008,Yellow
2023-04-02,China,Mitsubishi,Eclipse,1990,Turquoise
2023-02-21,China,Chrysler,Crossfire,2008,Turquoise
2023-07-08,Bulgaria,Audi,A6,2007,Indigo
2023-03-22,Brazil,Kia,Sorento,2013,Red
2023-08-13,China,GMC,Sonoma Club Coupe,1995,Turquoise
2023-08-07,Indonesia,Mercury,Mariner,2009,Red
2023-01-28,Brazil,Chevrolet,Corvette,1984,Fuscia
2023-12-05,Brazil,Nissan,Frontier,2009,Purple
2023-11-05,Indonesia,Mitsubishi,Pajero,1990,Red
2023-10-18,China,Buick,Regal,1995,Khaki
2023-06-15,Russia,Chrysler,300M,2001,Teal
2023-01-28,Luxembourg,Oldsmobile,Cutlass,1999,Mauv
2023-11-05,China,Ford,F250,1993,Turquoise
2023-07-29,Nigeria,Honda,Pilot,2009,Indigo
2023-02-27,Indonesia,Audi,A6,2006,Goldenrod
2023-08-17,Mexico,Land Rover,Range Rover Sport,2008,Teal
2023-06-02,Israel,Buick,Coachbuilder,1995,Crimson
2023-04-02,Indonesia,Chevrolet,Suburban 2500,2006,Maroon
2023-05-26,Colombia,Chevrolet,Monte Carlo,1999,Yellow
2023-07-29,Argentina,Pontiac,Fiero,1988,Aquamarine
2023-07-17,United States,Toyota,Prius,2010,Puce
2023-07-31,Poland,Oldsmobile,Achieva,1997,Green
2023-08-02,Argentina,Buick,Enclave,2009,Puce
2023-08-21,Pakistan,Lotus,Elise,2006,Maroon
2023-01-08,Iran,Toyota,Avalon,1996,Orange
2023-11-06,Philippines,GMC,Savana 2500,2012,Maroon
2023-10-08,Guyana,Plymouth,Laser,1994,Blue
2023-05-25,Indonesia,Lexus,ES,1993,Yellow
2023-10-06,China,Volvo,940,1993,Crimson
2023-03-30,Indonesia,Volvo,V70,2003,Puce
2023-08-22,Indonesia,Nissan,Titan,2008,Orange
2023-05-02,Russia,Porsche,911,2011,Aquamarine
2023-05-07,China,Audi,Allroad,2005,Red
2023-05-01,South Korea,Ford,Probe,1991,Khaki
2023-11-05,Indonesia,MINI,Cooper,2008,Crimson
2023-09-13,Ukraine,Buick,LeSabre,1990,Turquoise
2023-01-08,Portugal,Chevrolet,Impala,2007,Fuscia
2023-05-14,Serbia,BMW,3 Series,1995,Pink
2023-05-09,Brazil,GMC,Sierra 3500,2004,Teal
2023-06-30,China,GMC,Suburban 2500,1993,Fuscia
2023-09-30,Philippines,Ford,Flex,2011,Turquoise
2023-12-13,Peru,Pontiac,Firebird,1995,Crimson
2023-05-12,Indonesia,BMW,530,2004,Green
2023-06-02,Indonesia,Suzuki,Swift,1996,Crimson
2023-02-16,Iran,Mercedes-Benz,SL-Class,1999,Puce
2023-01-04,Indonesia,Chevrolet,Express,2010,Puce
2023-11-23,Indonesia,Oldsmobile,Cutlass Supreme,1994,Green
2023-10-08,Tajikistan,Mercury,Sable,2000,Purple
2023-06-30,Poland,Mercedes-Benz,E-Class,1995,Violet
2023-06-08,China,Chevrolet,Avalanche 2500,2003,Green
2023-05-28,Czech Republic,Mercedes-Benz,W201,1993,Yellow
2023-11-25,China,Mitsubishi,Galant,2002,Indigo
2023-05-14,China,Lexus,ES,2004,Goldenrod
2023-08-03,Ukraine,Ford,Econoline E350,1993,Yellow
2023-09-07,Vietnam,Acura,SLX,1997,Maroon
2023-10-04,Thailand,Mazda,MX-5,1992,Turquoise
2023-06-15,Mauritania,Ford,Explorer Sport,2001,Yellow
2023-05-10,Mexico,Subaru,Impreza,1997,Crimson
2023-01-02,Nigeria,Plymouth,Voyager,1997,Crimson
2023-07-11,Kazakhstan,Audi,S4,2012,Yellow
2023-04-25,Poland,Isuzu,Oasis,1996,Pink
2023-07-06,Portugal,Nissan,Maxima,2007,Teal
2023-02-07,Philippines,Ford,Thunderbird,1996,Pink
2023-04-05,Indonesia,Mazda,Mazda3,2005,Khaki
2023-01-31,Philippines,GMC,Sierra Hybrid,2006,Khaki
2023-05-19,Israel,Kia,Sportage,1998,Maroon
2023-09-18,Russia,Buick,Century,1986,Maroon
2023-07-08,Indonesia,Saturn,Ion,2005,Turquoise
2023-05-25,Venezuela,GMC,1500,1995,Purple
2023-05-07,Madagascar,Chrysler,Sebring,2009,Orange
2023-09-08,Indonesia,Ford,Windstar,2003,Maroon
2023-02-01,Yemen,Lamborghini,Diablo,1992,Blue
2023-09-24,Philippines,Mercury,Mystique,1995,Maroon
2023-12-23,Colombia,Saab,9-3,2008,Maroon
2023-10-26,Colombia,Honda,Odyssey,1997,Goldenrod
2023-06-12,Sweden,Volkswagen,Scirocco,1985,Aquamarine
2023-03-25,Bulgaria,Nissan,Murano,2005,Puce
2023-12-22,China,Ford,Expedition,2004,Aquamarine
2023-01-05,Sweden,Buick,Regal,1999,Green
2023-10-06,Argentina,Pontiac,Montana,2003,Pink
2023-09-12,Ukraine,Lincoln,Mark LT,2007,Green
2023-07-07,Turkmenistan,Buick,Rendezvous,2002,Aquamarine
2023-03-31,Poland,Audi,S4,2000,Fuscia
2023-11-13,Ukraine,Ford,Probe,1995,Purple
2023-12-28,China,Chevrolet,Citation,1980,Aquamarine
2023-05-25,Indonesia,Mercedes-Benz,Sprinter 2500,2011,Fuscia
2023-11-24,Czech Republic,Dodge,Ram Van 1500,1998,Mauv
2023-05-25,Indonesia,Mazda,B-Series Plus,2001,Fuscia
2023-08-31,China,Honda,Accord,1999,Orange
2023-01-02,China,Acura,TSX,2004,Khaki
2023-07-21,Indonesia,Volvo,C30,2011,Crimson
2023-04-29,American Samoa,Honda,Civic,1989,Blue
2023-03-13,China,GMC,Sierra 3500,2003,Goldenrod
2023-07-01,China,Chevrolet,Bel Air,1967,Khaki
2023-12-20,Ukraine,Honda,S2000,2001,Mauv
2023-09-15,Japan,Mercury,Grand Marquis,1984,Indigo
2023-07-23,Norway,GMC,Yukon,2000,Orange
2023-09-04,China,Mercedes-Benz,CLK-Class,2007,Khaki
2023-07-04,Macedonia,Maserati,430,1991,Blue
2023-06-09,Philippines,Lexus,RX,2009,Puce
2023-09-16,Greece,Buick,Reatta,1989,Pink
2023-06-30,Russia,Mercedes-Benz,SL-Class,2012,Khaki
2023-02-24,Philippines,Mercedes-Benz,S-Class,2004,Aquamarine
2023-07-11,Poland,Suzuki,Grand Vitara,2004,Orange
2023-12-17,Poland,Lexus,ES,2010,Turquoise
2023-06-21,China,Hyundai,Accent,1999,Teal
2023-02-15,Serbia,Panoz,Esperante,2005,Blue
2023-07-06,El Salvador,Volkswagen,Golf,1994,Yellow
2023-12-04,Thailand,GMC,Envoy XUV,2004,Violet
2023-10-02,Russia,Geo,Tracker,1997,Turquoise
2023-05-13,China,Volkswagen,CC,2011,Violet
2023-03-13,Thailand,Buick,Terraza,2006,Blue
2023-07-29,Philippines,Nissan,Altima,2012,Indigo
2023-06-24,Mexico,Toyota,Tacoma Xtra,1998,Pink
